date,assets,assets_avg,assets_ie_avg,assets_tr,equity,tier1,tier1_avg,tier1c,rwa,netintinc,nonintinc,nonintexp,nonintinc_tr,alll_lvl,lllp_lvl,tstock_prchs,dividends,impair_gw,impair_oint,inc_extra,nonintexp_comp,nonintexp_prop,dep_dom,dep_fgn,loans,loans_avg,loans_ci,loans_cld,loans_mfam,loans_nfnr,loans_heloc,loans_sfam,loans_sfam_l1,loans_sfam_l2,loans_cons,loans_cc,loans_consxcc,nchg,nchg_ci,nchg_cld,nchg_mfam,nchg_nfnr,nchg_heloc,nchg_sfam,nchg_sfam_l1,nchg_sfam_l2,nchg_cons,nchg_cc,nchg_consxcc,nonintinc_xtr,nonintexp_xgw,nonintexp_oth,ppnr_y9,ppnr_base,ppnr_xtr,nonintinc_xtr_ta,nonintinc_tr_ta,nonintinc_tr_tra,nim_y9,nim_ta,nonintexp_comp_ta,nonintexp_prop_ta,nonintexp_oth_ta,deps,payout,alll,lllp_y9,tier1cr,chgoff_y9,chgoff_ci_y9,chgoff_cre_y9,chgoff_cld_y9,chgoff_mfam_y9,chgoff_nfnr_y9,chgoff_heloc_y9,chgoff_sfam_y9,chgoff_sfam_l1_y9,chgoff_sfam_l2_y9,chgoff_cons_y9,chgoff_cc_y9,chgoff_consxcc_y9,exposure_ci_y9,exposure_cre_y9,exposure_rre_y9,exposure_cc_y9,exposure_othcons_y9,exposure_tr_y9
97Q1,2753154955,2737341172,2313846716,304051734,203690245,181175249,180173544.5,,2201205307,22545435,16341288,23378657,2460291,33488503,2387660,6372229,3175741,,,,12154053,3586407,885207766,370885816.5,1555588985,1535852636,357018567,26393488.5,16747569,120652985.5,51442280.5,313455873,269523449,43932424,310735918.5,127086895,183649023.5,2539021,177373,-3421,4420,-41915,27133,84033,,,,,,13880997,23378657,7638197,0.566537564,0.566537564,0.476658706,0.507097805,0.089878859,0.809168548,0.861203573,0.823625321,0.444009432,0.131017903,0.279037085,45.88735943,9547970,2.180450273,0.15546153,,0.165316707,0.04968173,-0.024980151,-0.01296153,0.02639189,-0.034740127,0.052744551,0.026808558,,,,,,15.42965506,7.078863171,15.77019562,5.49245091,7.936957199,13.14053052
97Q2,2878883307,2808641248,2389240031,323554779,207843379,182730987,181970545.5,,2285807841,22880517,17383531,25019358,2288790,33725624.5,2770733,5744196,3119214,,,,12289768,3663652,905128981.5,386224651.5,1602895553,1570989311,365225628.5,27085190.5,18057733,119481294,52949953,327308370,282950925,44357445,313196616,127499769.5,185696846.5,2785008,199503,-8579,-2707,-557,28323,103503,,,,,,15094741,25019358,9065938,0.542778114,0.542778114,0.461287109,0.537439269,0.081491006,0.707388717,0.843429695,0.81464719,0.437569875,0.130442149,0.322787327,45.97787752,8863410,2.146776192,0.176368673,,0.177277336,0.054624589,-0.00719396,-0.031674136,-0.014990808,-0.000466182,0.053490133,0.031622473,,,,,,15.28626776,6.890233521,15.91545086,5.336415255,7.77221393,13.54216298
97Q3,2957180704,2904794171,2456283506,347298305.5,213401192,187471987,186404002,,2354929839,23251609,19634470,27564486,2743070,34165997.5,2831788,4288454,3231732,,,,13379184,3761007,933005301.5,398376738,1633793294,1623483225,377020012,29041868.5,18020393.5,125398981.5,56014216,337538043.5,291937437,45600606.5,318310062,130951676.5,187358385.5,2964183,377183,-7657,3579,132,27012,83029,,,,,,16891400,27564486,10424295,0.527458818,0.527458818,0.43302631,0.581500754,0.094432508,0.789831092,0.829353683,0.800456336,0.460589743,0.129475852,0.358865186,45.83395453,7520186,2.104487252,0.174426687,,0.182581683,0.100043231,-0.00228805,-0.026365383,0.019860832,0.000105264,0.048223472,0.024598412,,,,,,15.34920587,7.021227113,16.02226529,5.33129324,7.62771826,14.13917834
97Q4,3038371804,2995111995,2527247089,361695690,218342338,190063561,189812153,,2426956268,23292861.32,18726625.29,27424083.27,987597,34138753,3104771.5,3580803,3352295.559,,,,13393797.59,3926641.765,959324514,408565283.5,1672449273,1651685532,390265251.5,29870289.5,18217746,127703436,58073372.5,339009319,293335578.5,45673740.5,317253937,130569123.5,186684813.5,2989720.441,385333.0294,-14482,-1975,19699,25577,94234,,,,,,17739028.29,27424083.27,10103643.91,0.487307432,0.487307432,0.454333807,0.592265943,0.032973625,0.273046383,0.806276313,0.777695838,0.44718854,0.131101667,0.337337767,45.67073952,6933098.559,2.06690392,0.187975946,,0.18101027,0.098736187,0.001844231,-0.048482958,-0.010841078,0.015425583,0.04404256,0.027796876,,,,,,15.4423069,6.955848214,15.71206445,5.166456579,7.386884105,14.31184515
98Q1,3194289443,3136297813,2638352739,374078024.5,227123322,198376714,194040971.5,,2516174635,23650749.92,21643391.56,29613956.68,2992145.332,33932868.5,2829770.063,2775100.26,3659418.485,,,-172272,14544775.99,4026685.455,971182189,433592999,1719416827,1692359392,404440292.5,30187031.5,18473899.5,126913064,57837877,338541524.5,293802570,44738954.5,306774744,124896939.5,181877804.5,3013258.343,404261.4658,-956.4630137,-1519.052055,-11425.53151,28765,87295.88767,,,,,,18651246.23,29613956.68,11042495.24,0.499958414,0.50545126,0.404554677,0.594689897,0.095403738,0.799871988,0.785105178,0.754097708,0.463756214,0.128389767,0.352086948,44.79087357,6434518.745,2.005062794,0.167208577,,0.178050735,0.099955784,-0.007917486,-0.003168457,-0.008222693,-0.009002644,0.049733845,0.025785873,,,,,,15.32927294,6.654682386,15.02374552,4.733898453,6.893612132,14.17846897
98Q2,3295107094,3265803979,2742765014,383654803,235907935,205385140,202981814.5,,2609094227,24140664,23597633,30179830,2612986,34603005.5,2853881,1711680,3601699,,,-103528,14967607,4108888,1007511674,448075080,1764255847,1746387893,427337532.5,32330861.5,18537338,128199077,58662431,353904073,307171805.5,46732267.5,307976524.5,119070434,188906090.5,2953896,450971,-5801,-1556,-67230,24756,77173,,,,,,20984647,30179830,11103335,0.537646078,0.540816139,0.457635581,0.642556845,0.080010497,0.681077359,0.772150428,0.739195131,0.458313086,0.125815512,0.339987797,44.57054872,5313379,1.98140434,0.163416215,,0.169143179,0.105530398,-0.04165306,-0.017942609,-0.00839387,-0.052441875,0.042200774,0.021806192,,,,,,15.58053754,6.528713746,15.04199237,4.34125539,6.887432556,13.98788453
98Q3,3373498471,3324147372,2788177035,383872405.5,239928092,209781405,208864935,,2669771898,24229338,19393979,29500195,-5595,35270140.5,4319335,1689114,3784175,,,103522,14430618,4283959,1020970781,463765819.5,1815532325,1795612028,447852774.5,36077532.5,18650257.5,131216627.5,58548514.5,360924938.5,313650831,47274107.5,315397088,120839124.5,194557963.5,3725935,565123,1812,4505,-41707,20241,84933,,,,,,19399574,29500195,10785618,0.424864497,0.421750255,0.425032811,0.583595486,-0.000168314,-0.001457516,0.763838599,0.728888803,0.434114869,0.128873919,0.324462691,44.6651858,5473289,1.964240602,0.240549458,,0.20750223,0.126184995,-0.019032569,0.005022516,0.024155163,-0.031784844,0.03457133,0.02353204,,,,,,16.06256593,6.669031958,15.0447209,4.333983208,6.977963058,13.7678634
98Q4,3833475788,3864586064,3206492282,392780035.5,271422579,237790408,215334745.5,,3023597397,27978395.37,27849552.08,41077734.64,2242021,33088181,3534334.177,2075915,4630371.515,,,172278,17681737.29,5104462.302,1063071741,391579769,1945472576,1932175982,469262586,42166167,20711802.5,142702211.5,58912614,375399388.5,326422265.5,48977123,297295001,106295593,190999408,3728912.849,849539.1949,1243,-6149,-8877.551471,37802,110422,,,,,,25607531.08,41077734.64,18291535.05,0.381676396,0.377218532,0.323661877,0.662620282,0.058014519,0.570808289,0.777334775,0.723968749,0.457532501,0.132083028,0.473311624,37.64055156,6706286.515,1.712482782,0.18291989,,0.192990332,0.181037061,-0.006704708,0.002947861,-0.029688387,-0.006221033,0.064166224,0.029414539,,,,,,14.63476425,6.411373018,13.54476993,3.315011659,5.956646429,12.24952381
99Q1,3824791401,3844026083,3227322313,435762022.5,273657736,242987481,240388944.5,,3030314464,27369540,32581124,37334512,5081780,36188951,3140879,5304518,4618605,,,-152581,18620360,4885296,1101530418,471331271,1945674019,1949830075,489831089,43702349.5,22014231,147596365,59997507,395797686.5,345214992.5,50582694,324555304,113087420,211467884,3218239,743014,2536,-233,-8235,30065,107489,,,,,,27499344,37334512,13828856,0.588345436,0.592314737,0.45614602,0.715378705,0.132199415,1.166182397,0.747171987,0.712001933,0.484397338,0.127088003,0.359749276,40.91703997,9923123,1.856005375,0.161084755,,0.16505228,0.1516878,-0.002780891,0.005802892,-0.001058406,-0.005579406,0.050110415,0.027157562,,,,,,15.17763153,6.609595349,14.12301435,3.504063401,6.552425308,13.50227775
99Q2,3937204933,3933812057,3330563160,409403303,273939376,241547338,239470120.5,,3098794889,27610976,31775987,36820287,3622897,35783859,3155437,4792429,4612403,,,,17903044,4634355,1077044764,470704202,1979420412,1963503503,492656534,46688159.5,20650317.5,147977732,58006307.5,399560431.5,348308736.5,51251695,315790419.5,106195857.5,209594562,3123495,945583,124,-1400,-3625,47540,120651,,,,,,28153090,36820287,14282888,0.573659231,0.573659231,0.481562889,0.715669422,0.092096342,0.884921292,0.738268011,0.70188854,0.455106745,0.117808246,0.363080081,39.34476136,9404832,1.822449461,0.160704424,,0.159077638,0.191935544,-0.002276187,0.000265592,-0.006779557,-0.002449693,0.081956605,0.030195933,,,,,,14.79198893,6.464858904,13.73841951,3.188525556,6.293066726,12.29231464
99Q3,3950285874,3958210428,3362872317,418795117,280590341,249321105,247070742,,3133045233,28359566.42,32373655.68,37170665.7,2625307,36563126,3107076.789,5959820.344,4840444.3,,,,18076991.99,4831660.233,1107815388,484809434.5,2013962110,2003942896,501551781,49581017,23354992,155620627.5,58558886,420575600.5,367565449,53010151.5,313049964,104880893,208169071,3103019.622,858843.9222,1407,-698,20121,8726,194807.6556,,,,,,29748348.68,37170665.7,14262013.48,0.595283066,0.595283066,0.528957462,0.751560566,0.066325605,0.626871445,0.749922274,0.716474451,0.456696083,0.122066786,0.360314686,40.23598168,10800264.64,1.824559276,0.15504817,,0.154845711,0.171237339,0.009113715,0.00283778,-0.002988654,0.01292952,0.01490124,0.046319296,,,,,,14.91438668,6.796470843,14.24777516,3.118789033,6.19021632,12.45349444
99Q4,4200281359,4039210431,3425783070,428407963,291883769,254780366,251833077,,3281287728,28551229.32,35541597.55,42331013.2,3601168,36743967,3326299.515,6928353,4635444.096,,,202648,19455000.23,5099740.802,1142011700,500688546,2117489259,2044768660,517500804.5,55421517.5,24811574,164361287,63870048,442081984.5,387888739,54193245.5,312642064,104714149.5,207927914.5,3697075.118,1133012.471,6278,3411.272059,5516.955882,22819.44853,244773.6177,,,,,,31940429.55,42331013.2,17776272.17,0.538764049,0.533747029,0.449608803,0.790759236,0.089155246,0.840593152,0.740783969,0.706851743,0.481653545,0.126255883,0.440092748,40.66884541,11563797.1,1.796974285,0.162673635,,0.180806523,0.218939268,0.006216916,0.01132773,0.013748713,0.003356603,0.035727934,0.055368377,,,,,,15.10605879,7.139809308,14.76894544,3.056648578,6.069500323,12.50540254
00Q1,4299640062,4249848410,3617131303,471044368.5,297229287,260736786,258506597.5,,3364953100,28872695.71,40285917.64,41803667.48,5495115,37007693,3352353.301,6362190,4782692.151,,,,21313971.01,5123693.233,1166954955,530471412.5,2154862156,2124202682,547106056,58229742.5,25880969.5,168228271,67942891,453463496,396511621,56951875,314757231,105297692,209459539,3223085.356,978953.5616,1571.575343,-816,20684,31423,171378.3288,,,,,,34790802.64,41803667.48,15366003.23,0.643668744,0.643668744,0.514367308,0.81863632,0.129301436,1.16658119,0.7062489,0.679381779,0.501523089,0.120561788,0.361565914,39.94086857,11144882.15,1.742192179,0.157817017,,0.151731536,0.178933052,0.008496339,0.002698922,-0.003152896,0.012295199,0.046249136,0.037793192,,,,,,15.12541321,6.976218496,14.41491456,2.911082932,5.790764046,13.02259523
00Q2,4373396168,4370774971,3666676542,499636169.5,297272435,261196856,260978366,,3424264799,28807945.52,34361546.43,43727842.31,4508691,37572984.5,4505372.5,3765104,4890532.2,,,,20282052.79,5010748.378,1164257584,544093049.5,2218375399,2170395838,565981493,58499630.5,26325348.5,168618572,71527086,465590060.5,405797444,59792616.5,312736667,107603721.5,205132945.5,3271306.3,1192406.3,-528,6086,28306,25173,165819,,,,,,29852855.43,43727842.31,18435041.14,0.444810126,0.444810126,0.341654712,0.683010579,0.103155414,0.902394838,0.691449431,0.659103837,0.464037909,0.114642104,0.421779691,39.08576041,8655636.2,1.731158153,0.207582987,,0.150723948,0.21067938,0.013361555,-0.00090257,0.023118402,0.016787,0.035193661,0.035614807,,,,,,15.43581733,6.912078229,14.64861,2.934639046,5.59451981,13.62640429
00Q3,4475624438,4485283721,3774013245,511606843.5,309718062,266641836,262392298.5,,3501696339,29929908.43,37659382.02,43184839.1,4287647,38173548.5,3574110.801,2931678,5342223.138,,,,21184759.25,5078443.088,1166091171,566286794,2279550156,2237790613,564450443,63277155.5,25907799,172468312,76795733.5,483603884,420896108,62707776,322208478.5,114855556.5,207352922,3410973.901,1252920.713,11112,2897,13680,53801,185316,,,,,,33371735.02,43184839.1,16921636.76,0.544100504,0.544100504,0.448506841,0.744027292,0.095593663,0.838074599,0.69837988,0.667291308,0.472317039,0.113224567,0.377270153,38.62359825,8273901.138,1.705858818,0.159716051,,0.152425963,0.221971783,0.010582325,0.01756084,0.011181961,0.007931892,0.070057277,0.038319792,,,,,,14.95623906,6.933024595,14.84890437,3.0433268,5.494228784,13.55604261
00Q4,4657207042,4693463540,3966158202,538265958.5,332362590,278723370,274158836,,3568856135,37695622.61,40898894.49,51615719.73,3916674,40312652,8979134.407,2216065.139,5485180.344,,,-46000,23340745.31,6772884.264,1222617195,578925475.5,2397713306,2383375390,586728517.5,67269730,26636336,177373375.5,82557833.5,508881062.5,438376147.5,70504915,351073215.5,130138270,220934945.5,8046008.674,2729724.337,22399,967,20023.82051,67342.06227,571156.8132,,,,,,36982220.49,51615719.73,21502090.16,0.574816383,0.57579647,0.491366838,0.787951588,0.083449546,0.72764661,0.836857749,0.803151496,0.49730322,0.14430461,0.458128416,38.38407723,7701245.484,1.691410097,0.37674025,,0.337588812,0.465244871,0.015994511,0.033297294,0.003630379,0.011289079,0.081569561,0.112237781,,,,,,14.79337151,6.839854279,14.91213577,3.281217324,5.570502593,13.5714697
01Q1,4988877130,5028347886,3827016085,555123625.5,362811648,304030491,293282550,261683530,3826658478,35441828.81,43669751.86,53980844.89,7221909.677,43029068.5,5610892.425,4311282.392,5351353.153,,,-292289,23572159.23,5660155.575,1293831975,558553591,2472027998,2458210100,617027416,72898572,26900952,196510610,86191129,529306853,449930137.5,79376715.5,374536883.5,128417303.5,246119580,5192941.304,1994348.504,19226.85753,3953,66994.27123,66393,278330.1315,,,2417299,1281900,1135399,36447842.18,53980844.89,24748530.09,0.499781168,0.505593991,0.356157261,0.724847266,0.143623907,1.300955201,0.80877907,0.704840429,0.46878537,0.112564916,0.492180149,36.83885061,9662635.545,1.750422737,0.228251134,0.068384344,0.21124888,0.323218783,0.030432347,0.026374807,0.014694647,0.034091936,0.077029969,0.05258389,,,0.645410134,0.998229962,0.461320062,16.12293762,7.742589198,16.08297348,3.355546479,6.431109108,14.50539044
01Q2,5103751010,5162620444,3907184971,565239389.5,365579112,309439731,306888232,248690927,3855542732,37360704.2,38862940.52,52833973.16,3990491,43656875.5,6184581.82,2502515,5404860.629,,,-256082,22917097.58,5541600.562,1324206434,540287216.5,2498418741,2496909524,609700629.5,78411711.5,26917591,207256488,90068615,539616340,459102063,80514277,379856273,116972271.5,262884001.5,5830555.978,2499165,19908,-2648,71804,69312,345540,,,2527128.978,1442142,1084986.978,34872449.52,52833973.16,24375275.01,0.453058128,0.458018439,0.375762285,0.675479631,0.077295843,0.705982469,0.835356871,0.723677144,0.443904367,0.107340848,0.472149275,36.11525717,7907375.629,1.74843642,0.247689464,0.064502184,0.233510903,0.409900348,0.028492658,0.025389065,-0.009837433,0.034644995,0.076954664,0.064034384,,,0.665285572,1.23289219,0.412724613,15.60460111,8.000281349,16.11607742,2.993773583,6.728220022,14.46666574
01Q3,5416098092,5297783134,3947354485,599382902,392532144,313161976,314848445,264739593,3967124793,38608018.51,41215215.02,56144432.12,4076348.267,45775539.5,8768992.556,3572071,5556888.033,,,30000,22535657.83,5919122.467,1372877238,553872989.5,2525876604,2523204436,595801347,82387562.5,27802678,211279592.5,96433037,536769494,455168637.5,81600856.5,405038118,131191108,273847010,7480910.611,2842621.011,65991.75556,6003.733333,109496.0667,61019.21111,981095.2222,,,2976686.067,1613458.756,1363227.311,37138866.76,56144432.12,27689651.82,0.44695679,0.446390515,0.370012374,0.701026558,0.076944416,0.680090849,0.84913676,0.728758002,0.425379017,0.111728289,0.522664879,36.36899018,9128959.033,1.814182745,0.34753397,0.066733367,0.296484522,0.477108859,0.056456792,0.080099172,0.021594083,0.051825198,0.063276252,0.182777753,,,0.734915045,1.229853746,0.49780617,15.09368741,8.143931188,16.04118742,3.323519803,6.937482079,15.18442046
01Q4,5312752641,5353577727,4018593101,589787270,390660343,315692403,314170254,264451141,3941689934,40755927.63,42531169.31,57329790.82,1765636,48390339,11600375.31,3648223.338,5708832.048,,,60123.75,23025619.5,6525880.169,1402295745,549033956,2493931159,2512944028,571918710,81851775.5,28126684,214654819.5,102883913,530219546,448719500.5,81500045.5,413120209.5,133067576,280052633.5,9172457.967,4255849.25,65158,6791,167706,129958.7757,457259.0037,,,3255611.982,1677949.739,1600509.243,40765533.31,57329790.82,27778291.16,0.48485905,0.483735993,0.451878563,0.761463369,0.032980487,0.299368279,0.884387233,0.761283943,0.43009779,0.121897552,0.518873407,36.44907762,9357055.386,1.925643328,0.461624898,0.067090803,0.365008447,0.744135342,0.0738233,0.079604871,0.024144332,0.078128225,0.126315934,0.08623956,,,0.788054398,1.260975656,0.571503015,14.23181436,8.078281897,15.75435589,3.311297577,6.968922368,14.67646152
02Q1,5312710809,5350832725,4008844621,565031417,395836113,324420146,320271240.5,269092471,3890733827,41015558.6,44343076.63,52959913.9,4121982,50457414,7887934.252,2679088.318,5405355.693,146631,821806,-345559.2192,23371963.12,5695043.962,1440145141,522410686,2477039162,2483388861,551826761,81463120,27786134,217561926,109851303.5,528466072.5,447354816,81111256.5,421770544.5,137854092.5,283916452,7317304.797,2756453.143,31826.59178,2015,112382.0904,66410.12055,334600.5041,213779,120699,3430085.123,1858760.973,1578335.151,40221094.63,52813282.9,22924469.82,0.605489332,0.630046187,0.52845493,0.751679163,0.077034402,0.729513771,0.896735247,0.766526646,0.436791137,0.106432854,0.428428078,36.67757764,8084444.011,2.031796743,0.317627834,0.069162395,0.294649981,0.49951422,0.044742558,0.039068712,0.007251819,0.05165522,0.060454559,0.063315418,0.047787347,0.14880672,0.813258576,1.348353857,0.555915355,13.76523196,8.152253602,15.92272678,3.438748705,7.082251343,14.09462003
02Q2,5433611363,5399205254,4021105666,613811036,407005400,325325749,324872947.5,265532701,3891615453,40872933,43415331,53492315,2743961,50616067,8255190,3064373,5527210,,874720,-295004,23139893,5854570,1455936758,523443701,2486433134,2462400054,531777268.5,81057744.5,28451703,218330564.5,121082758,529419824.5,450202292.5,79217532,428532777.5,141145908.5,287386869,8024702,3369589,25867,5407,76594,68920,326166,217867,108299,3380443,1973240,1410829,40671370,53492315,23623132,0.570379298,0.592044042,0.519557725,0.753284383,0.050821572,0.447036765,0.881848275,0.757017581,0.428579613,0.108433922,0.437529801,36.66058921,8591583,2.055558231,0.335249749,0.068231999,0.32588945,0.633646679,0.032902634,0.031911818,0.019004135,0.035081666,0.056919747,0.061608195,0.048393134,0.136710899,0.788841176,1.398014311,0.490916306,13.22465294,8.152981773,16.17720688,3.510126821,7.14696138,15.26473281
02Q3,5500375898,5449499268,4050182624,658005439.5,410059529,323820187,324572968,265877591,3867509360,39674084,32093066,44865889,1698650,50402237.5,9041598,4009379,5659101,,988400,1853502,21149504,5958090,1472542387,525184961,2527315659,2483031517,512686397.5,82213763,28697272,218395174.5,131656150.5,559593989,482420200,77173789,444595470.5,149444822,295150648.5,8493319,4082528,42790,2948,90813,64324,306112,195449,110663,3546850,1938975,1597238,30394416,44865889,16769895,0.493646474,0.477771585,0.46247572,0.557746951,0.031170754,0.258151361,0.842661412,0.728031734,0.388099951,0.109332798,0.307732769,36.65891579,9668480,2.029867006,0.364135451,0.068746464,0.342054418,0.796301213,0.041466269,0.052047247,0.010272754,0.041581963,0.048857573,0.054702518,0.040514265,0.14339454,0.797770161,1.297452113,0.541160254,12.6583526,8.130650888,17.06713508,3.689829222,7.28734173,16.2463153
02Q4,5598966940,5640030087,4226667777,671006277.5,421615081,331397057,328355249.5,275730557,3989810497,40892528.2,42870719.56,56875245.08,1709527,51041077,9227567,2018706,6118519.989,8574.209559,913920.5184,-650990,23167483.72,6200607.658,1492147653,526322416.5,2613420027,2570071499,498103924,78470656,30481870,214281694.5,141365541.5,632733970.5,560605252.5,72128718,459545640,158768953.5,300776686.5,8270122.165,3241681,31952,13766,136995.8493,75479,333034.5441,235167.5441,97867,3577153.772,1857186,1719967.772,41161192.56,56866670.87,26584658.98,0.476735093,0.50463361,0.446424492,0.729804486,0.030310601,0.254770642,0.834937722,0.725040959,0.410768797,0.109939266,0.471356687,35.78828549,8137225.989,1.985978874,0.359039311,0.069108685,0.321785685,0.650804148,0.056526765,0.040718406,0.045161271,0.063932596,0.053392785,0.052634213,0.041948866,0.13568382,0.778410991,1.169741287,0.571842117,11.78479006,7.647495322,18.31465241,3.756362266,7.116165792,15.87553867
03Q1,5762843240,5757602234,4272391458,668596624.5,427818857,337635090,334516073.5,280994134,4032560289,42071371,42786930,52982206,3995990,51829032,6876299,3284463,5938300,127000,986233,48107,24722127,6246867,1538881572,545477149.5,2656599269,2626889391,491142491,77597841,33580084.5,218811734,152303507.5,699069571.5,632087549.5,66982022,465226488,156221308,309005180,7229675,2547903,16676,1760,70572,82464,344895,237157,107738,3645600,1940808,1704792,38790940,52855206,20899979,0.553634894,0.572134365,0.484231176,0.673734281,0.069403718,0.597668288,0.851476877,0.730709926,0.429382337,0.108497717,0.362997966,36.20185342,9222763,1.973019198,0.261765837,0.069681323,0.275218097,0.518770631,0.026972966,0.021490289,0.005241202,0.032252384,0.054144518,0.049336291,0.037519644,0.160846145,0.783618322,1.24234525,0.551703373,11.49572776,7.723769293,19.9273191,3.656530764,7.232604574,15.64923606
03Q2,6140808670,5958508921,4448353870,689753177.5,444847990,352858802,345246946,293889217,4223667150,42652872,45567863,55384288,3794150,51807263.5,6621028,1908682,7910002,,1025352,51833,25602001,6455781,1581797107,551456959,2754132314,2689089544,480071594,77962105.5,34024686,221269086.5,164327732,748026523,682728703.5,65297819.5,467320742.5,151784463,315536279.5,6925919,2314145,27425,1239,114088,89170,323213,214442,108771,3600616,1924446,1676170,41773713,55384288,22301154,0.551084968,0.567423267,0.487408803,0.701076621,0.063676166,0.550073581,0.830128131,0.715831302,0.429671271,0.108345579,0.374274073,35.80181039,9818684,1.926572643,0.246218205,0.069581529,0.25755628,0.482041643,0.042835554,0.035177347,0.003641474,0.05156075,0.054263513,0.043208762,0.031409548,0.166576772,0.770480673,1.267880758,0.531213084,10.79211789,7.491667429,20.50992978,3.41214902,7.093326851,15.50580726
03Q3,6165886411,6182531496,4630876411,711052884,452006770,366143334,360016257.5,300093543,4246729058,43425769.18,46728640.21,55584338.27,2774499,51253419.5,5412434.144,1727988,7469546.744,-1000,763510.2889,62922,25013003.89,6390871.05,1619801032,564331240.5,2807121321,2795209281,467245409,78530498,34510283,221886390.5,177694655,797035971.5,731497550,65538421.5,482128127.5,156485798,325642329.5,6572013.617,1924458,38537,3454.988889,105866.2944,63703,352677.9778,235964.9778,116713,3589827.222,1864679.078,1725148.144,43954141.21,55585338.27,23417953.03,0.559157218,0.570472782,0.514280795,0.710940838,0.044876423,0.390195872,0.812922949,0.702394629,0.404575438,0.10336981,0.378776122,35.32747506,9197534.744,1.833616533,0.193632519,0.070664631,0.235117051,0.411873068,0.044146398,0.049072655,0.010011477,0.047711937,0.0358497,0.04424869,0.032257795,0.178083325,0.744579504,1.191596363,0.529767781,10.08978361,7.232479163,21.04851307,3.379183207,7.031980571,15.35460723
03Q4,6240821048,6213004487,4649927304,749669174.5,460554977,372849860,369517034.5,306865968,4311195843,43075934.59,49856365.45,57764670.1,2478584,50422368,5847965.246,2157583,8038684.085,1328,915796,770388,25187797.06,6787881.467,1635552383,590858629,2829130924,2779970829,456175631,79047202.5,35246550,222143772,194804113.5,789143996,726382270.5,62761725.5,511669789,179595164,332074625,7154402.798,1698625.669,25659,-191,93082.74632,139211,964804.886,767175.886,197629,3958791.496,2308629.901,1650161.596,47377781.45,57763342.1,24871867.57,0.566032586,0.568394342,0.526139101,0.762558301,0.039893485,0.330623705,0.797762106,0.693318904,0.405404456,0.109252802,0.400319485,35.83469184,10196267.09,1.813773277,0.210360669,0.071178851,0.257355319,0.372362212,0.035237076,0.032460352,-0.000541897,0.041902028,0.071462043,0.122259675,0.105615998,0.314887773,0.773700457,1.285463288,0.496924929,9.810381995,7.235328695,21.16050521,3.862321973,7.141501432,16.12216978
04Q1,6668279758,6602102282,4941352669,787599479,493717282,393293309,379519776.5,330220242,4584282252,46422628,50939944,59982145,3973018,51100855,5724940,3626031,8161602,,1146800,-135365,27862233,6735058,1665438730,603324115.5,2973658613,2924059394,440581969.5,80692283,34209528,221598283.5,215788157.5,789662556.5,727019812.5,62642744,548456755.5,203420208,345036547.5,6888376,1066193,8611,1793,44219,96528,495570,357914,137656,4957829,2940685,2017144,46966926,59982145,24238054,0.566189759,0.585610316,0.506011685,0.711393493,0.060178074,0.504446499,0.810316211,0.703149179,0.42202062,0.102013839,0.367126303,34.36424866,11787633,1.747599762,0.195787405,0.072033139,0.235575789,0.241996512,0.016232685,0.010671405,0.00524123,0.019954577,0.044732761,0.062757186,0.049230295,0.219747717,0.903959875,1.44562088,0.584617489,8.916221914,6.809878125,20.34768173,4.116690745,6.982633514,15.9389449
04Q2,6938178244,6899486147,5192450853,799815306.5,524086190,398769027,396249677.5,335478485,4742569158,49110009.04,56208002.04,76543913.24,2987718.333,52574178,5230904.844,3622035,8287817.356,9273.711111,969115.4889,128947,27872757,6782374.689,1739403933,652334360.5,3092084257,3045625840,441605042.5,86300169,36308152,230825806.5,240361490,859132381.5,793310857,65821524.5,573423599,211016751.5,362406847.5,6311596.267,742348.6889,45953.77778,5013,27471.4,90741.6,423154.7111,337703.7333,85450.97778,4866834.733,2973870,1892964.733,53220283.71,76534639.53,40910392.36,0.417046969,0.429358642,0.373743478,0.771365904,0.043303491,0.373551032,0.819556537,0.71179227,0.403983085,0.098302606,0.592948395,34.66545541,11909852.36,1.7262192,0.171751394,0.070737711,0.207234789,0.168102403,0.022193153,0.053248769,0.013806817,0.011901356,0.037752137,0.049253726,0.042568904,0.12982224,0.848732899,1.409305176,0.522331393,8.504751513,6.806691821,21.1748537,4.063914276,6.979494997,15.40342565
04Q3,7274662222,7247276126,5415833092,831484912.5,602084678,418926116,413971005.5,354212813,4980693922,50297439.32,49550450.44,63934244.06,1292298,53371775,5713369.348,2096507.519,8754283.16,,1809852.508,85197,27423703,7122988.066,1845413370,665859692,3285073590,3227828434,460581647,99181281.5,38992098.5,250066019.5,271872956,916045376,849371380.5,66673995.5,612289568.5,233586304,378703264.5,6189070.464,507354.4751,10480.87845,6108.033149,91642.03867,79507.83425,433522.2983,347843.9116,85678.38674,4887006.227,2903839,1983167.227,48258152.44,63934244.06,27577700.49,0.495546811,0.519344103,0.477715311,0.665879865,0.017831499,0.155420499,0.805104515,0.694018531,0.37840014,0.098285038,0.380525042,34.65126784,10850790.68,1.653488594,0.177003501,0.071117161,0.191740998,0.110155165,0.027877374,0.010567396,0.015664797,0.036647138,0.029244481,0.047325418,0.0409531,0.128503453,0.798152782,1.24315465,0.523673127,8.504354532,7.168599787,21.93417544,4.31302627,6.992520967,15.35285335
04Q4,7643750726,7682391319,5618579715,906521795,635094889,429666005,421639900,363445756,5067831907,52321850.45,59926146.47,74215911.58,2689670.813,52041627.5,6169748.751,3586467.949,10308541.6,39000,1909556.337,146544,30124001.93,7740529.429,1907857386,678594923,3417499829,3353789704,453017952.5,101102028.5,43052055.5,249884514.5,296666873.5,955757278.5,886398418,69358860.5,648092306,262298896.5,385793409.5,7388611.531,670721.8645,65474.61539,2570,93125.88278,86584.67399,477238.2894,394463.1832,82775.10623,5782536.531,3322533.696,2460002.835,57236475.66,74176911.58,34402823.89,0.495055299,0.518511698,0.460044445,0.745034629,0.035010854,0.296702278,0.801854965,0.681062032,0.392117515,0.100756771,0.447814,33.66728147,13895009.55,1.55172602,0.183963495,0.071716222,0.220306346,0.148056354,0.040902211,0.064760932,0.005969518,0.037267569,0.029185825,0.049933001,0.044501792,0.119343233,0.892239651,1.26669755,0.637647709,8.062855303,7.01313532,22.29076058,4.668419953,6.866386686,16.13435852
05Q1,7952489411,7931581589,5883687598,965880015,635006545,437585700,433625852.5,368545484,5173678328,49440083,58512346,67577725,5920094,50724308,5348096,6163696,10022357,,1568395,460478,31015229,7303251,1944493903,706356174,3451160622,3403498491,471199044,108204987.5,44232305,259130469,316472790,972755681.5,900124687,72630994.5,662843858.5,267769468,395074390.5,6232108,229605,13869,3112,29737,87423,437720,359665,78055,5212366,3121535,2090831,52592252,67577725,27690850,0.50903724,0.523005665,0.434397725,0.663073958,0.074639515,0.6129223,0.721798598,0.62333196,0.391034608,0.092078117,0.349121417,33.42145633,16186053,1.490357881,0.157135254,0.071234712,0.183108881,0.048727815,0.011351229,0.012817339,0.007035582,0.011475686,0.027624176,0.044997938,0.039957242,0.107467894,0.786364079,1.165754641,0.529224635,8.008566671,6.995064824,21.91191239,4.551048361,6.71474112,16.41623555
05Q2,8112382372,8152761109,6091104239,1003893973,655336927,453590205,445794627.5,379117736,5352522348,49428917,55234002,67066928,1760062,49792803,5534356,4429861,9309569,1,1638130,1629879,29225065,7226362,1959297762,719434810,3552809126,3474067018,490717021.5,116289485.5,44916043,263796873.5,334454782.5,995452740.5,915519739,79933001.5,668156661.5,267065156,401091505.5,5738153,299859,-8422,4221,21788,89738,366082,301466,64616,4937400,3066153,1871247,53473940,67066927,28977370,0.461144274,0.461245491,0.439555735,0.655899753,0.021588539,0.175323495,0.69667272,0.606284378,0.35846831,0.088636989,0.355430137,32.8567529,13739430,1.433271228,0.159304814,0.070829734,0.165171051,0.061106297,0.004138094,-0.007242271,0.009397533,0.008259385,0.026831131,0.036775427,0.0329284,0.0808377,0.738958434,1.148091741,0.466538676,8.056289997,6.977427825,21.83360308,4.384511339,6.584873444,16.4813133
05Q3,8349396650,8302810273,6260990920,1029112088,659502542,468163220,463949505,393789743,5559356178,50846796,62666345,69916511,5606593,50964991,8591219,8336172,9584939,1,1550801,2082231,32399928,6945450,1975537152,733570198.5,3674192062,3613576991,500444839,122390644,42194159.5,266196460.5,344334697.5,1022584494,932317477,90267017,715234516,289446748.5,425787767.5,7848433,235624,7890,1045,38804,96035,376116,326108,50008,6700462,3366609,3333853,57059752,69916510,29020331,0.525082816,0.518682224,0.457556367,0.687234203,0.06752645,0.544799062,0.697477058,0.612404648,0.390228452,0.083651797,0.349524198,32.6287999,17921111,1.410375125,0.237748331,0.070833696,0.217192909,0.047082911,0.011081958,0.006446571,0.002476646,0.014577204,0.027890015,0.036780922,0.034978214,0.05540008,0.936820281,1.163118611,0.782984683,7.993061249,6.880400715,21.83231391,4.62301818,6.800645025,16.43688836
05Q4,8402782524,8518082495,6397331517,1039229338,661829049,464657308,461568790,390224152,5642845563,52441198.96,59359411.29,70562376.83,2948145.059,50647766,8035935.971,7584425.066,11312682.04,50174,1364798.338,2290781,31125333.57,7416626.625,2046657839,747771457,3781410653,3749145373,520522737.5,132679160,43257072,278950399.5,344924912,1089520217,984347091,105173125.5,718743824,283042722.5,435701101.5,8605244.007,633198.7721,812.6029412,970.9117647,27854.92647,104000.7647,378748.8162,311953.7059,66795.11029,7017802.941,4569059,2448743.941,56411266.23,70512202.83,30605444.3,0.484125781,0.473844023,0.44951535,0.66225311,0.034610431,0.283685704,0.705180795,0.615645587,0.365403054,0.087069204,0.359299694,32.80584918,18897107.11,1.350914968,0.214340474,0.069153789,0.229525483,0.121646708,0.006515567,0.000612457,0.002244516,0.00998562,0.030151712,0.034762899,0.031691434,0.063509675,0.976398364,1.614264787,0.562023812,8.136560316,7.110568372,22.42255423,4.424387289,6.810669423,16.24473166
06Q1,8821203347,8784373245,6622165267,1073450599,698534751,484691637,479308687,403917357,5813117663,52683747,66676423,74017677,6991139,51228008,5843065,6365252,10105837,,1605430,95974,36635345,7434942,2161102348,787705667.5,3937060833,3902812612,548482796.5,141566068,46219618.5,279330580.5,343777669,1142702240,1020693577,122008662.5,761973220.5,303915946.5,458057274,5579888,307191,7135,6289,17993,141597,467061,392736,74325,4533782,2548542,1985240,59685284,74017677,28341960,0.516172204,0.533355627,0.436586116,0.679448406,0.079586088,0.6512772,0.684594293,0.599743949,0.417051325,0.084638275,0.322640662,33.56879237,16471089,1.312592048,0.149714208,0.069483775,0.142970943,0.056007408,0.006725735,0.00504005,0.013606776,0.006441472,0.041188539,0.040873378,0.038477366,0.060917806,0.595005425,0.838568041,0.433404317,8.282529571,7.0538298,22.44703731,4.589374234,6.917031749,16.2099639
06Q2,9067258455,9164370085,6886728600,1150355428,703198103,498647480,491812641.5,415762891,5980696214,52855452.96,66316429.56,72504084.51,5281984,51271162.5,5889019.337,4854547,11756390.14,,1616427.371,265483,34861096.42,7341767.101,2213193583,845769931,4056537891,4001555159,559151407,151496483,45572860,284228409.5,355673312.5,1174516481,1042161186,132355295,763188358.5,295316494.5,467871864,6178308.989,434349.9888,10040,4026,10576,137184,559003,471211,87792,4897597,2920653,1976944,61034445.56,72504084.51,28684793.62,0.509230832,0.5239721,0.451594748,0.665997172,0.057636084,0.459161045,0.657644648,0.576749438,0.380398174,0.080112076,0.31300344,33.37887367,16610937.14,1.281280914,0.147168266,0.069517474,0.154397697,0.07768021,0.005119908,0.006627217,0.008834205,0.003720951,0.038570226,0.047594309,0.045214791,0.066330554,0.641728473,0.988990813,0.422539621,8.119260094,6.98877189,22.21940028,4.288197077,6.793818824,16.70394601
06Q3,9320258847,9305854962,6992135877,1208919473,725384752,520973922,509033379.5,430798167,6144121603,53014121.58,66748012.07,70825272.84,5946331,51027953.5,7210228.167,4825262,10142697.79,,1551053,495696,33869255.88,7425397.867,2207752917,887452052,4101886008,4091625862,569474383,157537299.5,40003814,289556686,367399480.5,1176210345,1035659643,140550702.5,773522165,304143593,469378572,7124624.217,529958.8611,17274,-4860,22248,170982.3389,537778.4111,426830.4111,110948,5685317.606,3249016.033,2436301.572,60801681.07,70825272.84,27979566.09,0.525871734,0.537212519,0.461972919,0.653370177,0.063898815,0.491871554,0.646430481,0.569685664,0.363956413,0.079792753,0.30066626,33.26083397,14967959.79,1.247131464,0.176219146,0.070115501,0.174126972,0.093061054,0.007116025,0.010965022,-0.012148842,0.00768347,0.046538536,0.045721279,0.041213387,0.078938062,0.734990911,1.068250691,0.519048316,8.144498234,6.96636633,22.07637055,4.349795232,6.712949809,17.28970224
06Q4,9708826761,9779180795,7239371845,1256469644,772572882,541983022,535207708,447554804,6439324867,55535267.41,70364730.34,77889088.26,5525676.279,52809052.5,10836209.15,5230669.21,11651035.08,,1658488.382,5121239,36141524.74,8104760.327,2318054034,929994967,4397724694,4367871127,591049137,169566452.5,48953488,313974461,378154000.5,1269364745,1116052137,153312607.5,804947465.5,320853002.5,484094463,8464263.82,913218.3272,28592,3706.75,26963.25,243002.864,604668.8603,452074.2353,152594.625,6352242.768,3524628.375,2827614.393,64839054.06,77889088.26,31984314.81,0.490950219,0.455540805,0.434445728,0.663031551,0.056504491,0.439777937,0.653675889,0.567892839,0.3695762,0.082877702,0.32706538,33.21391709,16881704.29,1.209034126,0.248089031,0.069503374,0.193784651,0.154508021,0.011129131,0.016861826,0.007571983,0.008587721,0.064260292,0.047635549,0.040506552,0.099531687,0.789149981,1.098518121,0.58410385,8.164370468,7.355533227,22.75775827,4.432055838,6.686967784,17.35605893
07Q1,10073614208,9947284485,7345235791,1354036737,770534999,531149095,531922843.5,436383183,6506327748,56050566.6,70967948.33,78073768.83,8682388.247,54638782,8993018.323,11504454.49,11889604.65,,1640919.827,-138403,38508590.28,7802468.964,2366509963,960829378.5,4416893995,4382456275,615140027,174228514.5,52585500,321396666,369380657.5,1285208187,1129612579,155595608,820678640,319141037.5,501537602.5,8359109.518,681124.5233,32707.67123,-62,41093.27397,301656.8082,779831.8767,531436.0274,248395.8493,6340185.296,3542872.945,2797312.351,62285560.08,78073768.83,30121789.75,0.492041282,0.509928805,0.404757277,0.626156417,0.087284005,0.641222503,0.644313262,0.563476059,0.387126661,0.078438181,0.302814198,33.44972536,23394059.15,1.246761601,0.205204976,0.067070581,0.190740283,0.110726744,0.013450841,0.018772858,-0.000117903,0.012785843,0.081665567,0.060677475,0.047045867,0.159641941,0.772553956,1.110127664,0.557747283,8.374680466,7.463486484,22.52601402,4.344871242,6.828066747,18.43421743
07Q2,10488757102,10442103525,7627602869,1497332188,775192133,542126869,536637982,441309709,6756548583,57313740,75327865,78993296,7204806,55905678,10213246,9220935,12478600,,1664059,11284,38911397,7875233,2371904644,1025572943,4574913593,4512947691,632407435.5,177829845,52346841.5,325145888.5,371308009,1329879361,1166775999,163103362,830056304.5,313236035.5,516820269,8576588,801303,48118,3841,55173,387094,904037,537676,366361,6224239,3449678,2774561,68123059,78993296,30542607,0.513769174,0.529597163,0.444771524,0.652388274,0.06899765,0.481176192,0.628100251,0.548871593,0.372639449,0.075418071,0.292494773,32.53633311,21699535,1.23878409,0.226309869,0.065315849,0.190044038,0.126706765,0.01929185,0.02705845,0.007337597,0.016968691,0.104251455,0.067978873,0.046082196,0.224618914,0.749857445,1.101303046,0.536852203,8.291037779,7.280433769,22.30304066,4.106611748,6.775657803,19.6304424
07Q3,10947826240,10956184161,7986535809,1585779325,807804062,554152928,550406735.5,449853610,7033564087,59417300.19,54569309.26,74725196.4,-3700378,59755122.5,15493547,6817783.067,12040616.47,881100,1846014,-900390,33009108.07,7917926.067,2416095683,1129897438,4761511855,4668360783,669460006,184004105,51949984.5,332201056.5,378660833,1351894410,1180488314,171406096,860455794.5,324116509,536339285.5,10260782,1098561,110076,3850,45755,540413,1123371,727882,395489,7004398,3633253,3371145,58269687.26,73844096.4,31071048.26,0.358349335,0.391458526,0.392123667,0.531842897,-0.033774332,-0.2333476,0.620720269,0.542317465,0.301282888,0.072269012,0.283593702,32.36522012,18858399.54,1.280002238,0.331884096,0.063958131,0.219794109,0.164096584,0.028105175,0.059822578,0.007410974,0.013773286,0.142716899,0.083096061,0.061659399,0.230732167,0.814033451,1.120971286,0.628547095,8.382357783,7.113912209,21.66840899,4.058286556,6.715543489,19.85565911
07Q4,11002466130,11161151567,8140237662,1613238301,802137731,529258056,538939093,408982727,7141246502,63605996.62,37346203.08,91308415.24,-28674214,69458522,27016308.17,4638149,14103538.83,3332866,2963142.063,-268179,38852298.75,8765049.349,2501439527,1226855761,4940830698,4883736050,714715718.5,189792458,51514445,347893735,392319273.5,1358871905,1185412333,173459572,901772790,341816421,559956369,13512687.09,2075265.353,205109.239,16861,91485.53677,885882,1835230.382,1007907.699,827322.6838,8065715.581,3993171,4072544.581,66020417.08,87975549.24,37395059.08,0.086404923,0.145217735,0.343315815,0.591519761,-0.256910892,-1.777432013,0.652136704,0.569887401,0.348102958,0.078531765,0.335046602,33.40421699,18741687.83,1.422241524,0.553189359,0.057270496,0.276687498,0.29036235,0.053200176,0.108070279,0.032730625,0.026296977,0.225806393,0.135055437,0.085025916,0.476954183,0.894428804,1.168220938,0.727296769,8.780035033,7.238125746,21.51277703,4.199096331,6.878870031,19.81807372
08Q1,11507334249,11517392710,8208680111,1722309547,839507482,557597060,543592349,398945427,7338741507,65997713,50668875,80064866,-12213552,83065972.5,30151043,2102018,11199755,,2101400,-88594,38134068,8680914,2629644332,1241934567,4911433897,4867579133,751873328,194952381.5,51941593,358362127.5,403725296.5,1329254924,1157162518,172092406,913897016.5,344877317,569019699.5,16651467,1885767,441090,18811,123591,1621542,3400595,1919602,1480993,8778103,4671357,4106746,62882427,80064866,31148484,0.317795207,0.336809875,0.423839624,0.545977971,-0.106044417,-0.70913803,0.664563304,0.573026506,0.331099833,0.075372215,0.270447356,33.61506372,13301773,1.706515092,0.619425841,0.054361559,0.342089292,0.250809136,0.09640415,0.226255251,0.036215678,0.03448774,0.401644884,0.255827151,0.165888712,0.8605801,0.960513367,1.354498185,0.721722992,9.159491146,7.373366897,21.11155748,4.201373575,6.931926836,20.98156493
08Q2,11246050742,11539301198,8293357436,1769797477,866096538,599411708,578584711,403495188,7391283247,68830201.93,56745001.98,93164389.51,-8154586,97463488.5,35773137.04,236156,11301582,7139680,2039958.511,-267235,39936846.91,8854917.244,2649551758,1208992624,4902293969,4898560058,763215604.5,196930256.5,54101153.5,362537218,413587929.5,1272132014,1105563226,166568788,913971637.5,336306436,577665201.5,20782486.98,2204167.889,1045813.489,40702,274608.8667,1998713,4754173.356,2853714.667,1900458.689,10080658.82,5528970.333,4551688.489,64899587.98,86024709.51,35192986.84,0.280873286,0.362740232,0.351541222,0.562422168,-0.070667936,-0.460763794,0.683982335,0.59648501,0.346094155,0.076737032,0.304983692,33.43828466,11537738,1.989635472,0.730278625,0.054590681,0.424257062,0.28880016,0.221837345,0.531057801,0.075233146,0.075746393,0.483261928,0.373716981,0.258123154,1.140945259,1.102950946,1.644027512,0.787945765,9.202733759,7.398314045,20.32614603,4.055130128,6.965396174,21.33993971
08Q3,12241046779,11829170798,8552903632,1714156896,835540818,599315545,599363626.5,403678849,7626072285,69599647,50143232,103462122,-8906760,115233385.5,41347960,2077791,11054881,20259781,1978335,1050768,37571576,9154808,2742638830,1189018119,5188307630,4943921573,780590376.5,201722115.5,70175409.5,370664293,450609374.5,1311687933,1141246623,170441309.5,928369416.5,352414161,575955255.5,23893188,2554360,1385559,40321,229351,2412559,5857447,3802617,2054830,10768379,5726723,5041656,59049992,83202341,34497622,0.137632276,0.316743292,0.212927156,0.499189614,-0.07529488,-0.519600045,0.677892634,0.588372999,0.317618003,0.077391798,0.291631785,33.23696154,13132672,2.330809334,0.836339319,0.052934044,0.483284123,0.32723437,0.257598717,0.686865194,0.057457449,0.061875666,0.535399203,0.44655797,0.333198533,1.205593882,1.159923928,1.624997981,0.875355499,9.126612553,7.512791511,20.60466694,4.120403739,6.73403186,20.04181235
08Q4,11400458753,12202282509,8240118219,1570645300,901929921,699720066,654767687.5,361003159,7489068831,80175675.33,26385293.67,119175067.7,-26717114.67,134704162.5,59856383.67,503063,10926280.33,29220900.33,3442859.333,5151626,33820041,9964745.333,2972384611,1176873539,5112731709,5193190166,831137789.5,208181676.5,89017205.5,396175411.5,490778512,1373293964,1199620165,173673799,932691325,372276142.5,560415182.5,29796892.33,4177590.333,2474308.333,175918,658354,2796083.333,6139280,3890328.667,2248951.333,12164457.67,6187420.333,5977037.333,53102408.33,89954167.33,42726521.67,-0.103374911,0.122092199,0.115576868,0.435184223,-0.218951779,-1.701027894,0.817221567,0.657054738,0.277161596,0.081662962,0.350151881,34.00395087,11429343.33,2.593861542,1.152593719,0.048204011,0.573768558,0.502635109,0.477170897,1.188533196,0.19762247,0.1661774,0.569724074,0.447047767,0.324296705,1.294928392,1.304231887,1.662051264,1.066537367,10.08647895,8.414615847,22.62191423,4.517849533,6.801057553,19.0609559
09Q1,13119782900,13729614920,9827379265,1708256882,1103713780,881308444,778323666,443391409,8518032292,77217608,101266902,107800324,21040081,152621885.5,52705122,343369,7625599,1681681,2557522,-29275,50061118,10459222,3006165316,1075555277,5119271379,5193253440,773126482,190195308.5,88401168,379935604.5,491762400,1333681885,1171560637,162121248,934763594.5,374448774,560314820.5,32767988,4483929,1598378,83465,317366,3520081,6359008,3826552,2532456,15024833,8870597,6154236,80226821,106118643,43040781,0.514830069,0.545919638,0.361584103,0.584334094,0.153245966,1.231669618,0.669383179,0.562416415,0.364621428,0.07618001,0.313488625,29.7293159,7968968,2.938849168,1.014876755,0.052053267,0.630972249,0.579973537,0.303585665,0.840387711,0.094416173,0.083531524,0.715809301,0.476800958,0.326620055,1.562075318,1.607340411,2.368974775,1.098353243,7.867066704,6.700993859,18.57508737,3.810260741,5.70156911,17.38262904
09Q2,13006599099,13469081630,9787647171,1967331385,1126752680,898519847,889914145.5,529531066,8313946974,76107506,100871908,114897042,17708968,172360869,54846632,73798,8299642,2398120,2510207,-3731761,52459730,10163412,3085080182,1041425450,5002027940,5092621407,749307836.5,185120407,90394764,384133218,499329422.5,1341604015,1190001115,151602900,941908367,366639778,575268589,41045035,6022965,2251593,148820,559684,4522902,8477250,5642565,2834685,16510840,9841309,6669531,83162940,112498922,47365573,0.460925056,0.525072622,0.329446396,0.61743586,0.13147866,0.900151756,0.647449127,0.565053417,0.389482605,0.07545735,0.351661489,30.63687447,8373440,3.38452155,1.076982317,0.063691898,0.805970673,0.803803818,0.448738608,1.216285679,0.164633429,0.145700495,0.905795212,0.631874227,0.474164682,1.869809219,1.752913614,2.684190203,1.159376877,7.655648221,6.739601229,18.80874336,3.74594396,5.877496184,20.10014614
09Q3,13197945764,13340553732,9725563714,1986974420,1153194650,921808490,911543989,616155107,8174491069,75781674,96211596,109866901,19906334,182884649.5,49582895,88292,5304075,-554704,2614884,-1098398,51932612,10347683,3093158216,1084453102,4841461138,4915223551,706577952.5,176422858,92727312.5,379118020,495324359,1296785021,1155874297,140910724.5,922653803,360131403.5,562522399.5,42213740,5848493,3147564,323075,1047238,4554225,8561941,5619461,2942480,16610971,10037793,6573178,76305262,110421605,45526426,0.465695579,0.489372093,0.31647888,0.571979721,0.1492167,1.001841483,0.647013253,0.568054936,0.389283781,0.077565618,0.341263391,31.3151268,5392367,3.720779891,1.008761748,0.075375348,0.858836624,0.827720845,0.696914806,1.784102149,0.348414066,0.276230077,0.919442971,0.660243669,0.486165409,2.088187404,1.800347102,2.787258457,1.168518446,7.265161931,6.665610442,18.42679183,3.702936036,5.783956756,20.43042931
09Q4,13105101851,13459570505,9822817608,1994952025,1136880564,890553807,906181148.5,644079242,8189533581,73939201,78118928,106324614,5832936,186237577.5,47676910,226061,7133139,,2385857,-1650984,42093962,10947441,3120147667,1140373915,4755443253,4822654636,664829741,168063290.5,92228582,378690211,490434243.5,1261168142,1127072905,134095236.5,914636636,355082738.5,559553897.5,47966353,5781838,3080500,403746,1334477,4866300,13000325,9297352,3702973,17190622,9765800,7424822,72285992,106324614,50897354,0.339784356,0.369776703,0.296447639,0.537060168,0.043336717,0.292384776,0.625661214,0.549342945,0.312743724,0.081335738,0.378149912,31.65421646,7359200,3.861723295,0.988603033,0.078646633,0.994604769,0.869671984,0.7541249,1.83294043,0.437766678,0.35239279,0.992243112,1.030816159,0.824911322,2.761450068,1.879502889,2.750288578,1.32691811,6.768218321,6.505079388,17.83197505,3.614876634,5.6964704,20.30936646
10Q1,13622024840,13722148178,10149108088,1974722098,1142216022,885041455,887797631,662535137,8020953852,83048164,105822772,114898341,27512570,202834651.5,41509289,2690740,3402767,,2317667,78597,53640929,9894579,3145358286,1127111642,5039928369,5130860747,639981755,158213220,92358854,384254833.5,489757915.5,1244093664,1116990747,127102916.5,1062779244,504744741.5,558034502.5,46646364,4219350,2231156,295201,1059461,4796236,8945741,6378107,2567634,23495419,18179556,5315863,78310202,114898341,49045166,0.539074451,0.555391649,0.338576908,0.570684713,0.200497543,1.393237562,0.6849994,0.605212558,0.390907665,0.072106633,0.357416094,31.13557639,6093507,3.953228542,0.809012192,0.082600542,0.909133307,0.659292233,0.564849719,1.410220966,0.319623931,0.275718327,0.9793075,0.719056874,0.571008043,2.020122017,2.210752528,3.60173262,0.952604718,6.305793075,6.255001937,17.08378277,4.973291615,5.49836003,19.45709988
10Q2,13396100852,13820186050,10215671976,1963349065,1177533525,911462031,898251743,689683005,7896327777,79882172,92690566,113159609,13741802,214568809,31179845,270112,2847824,,2374183,442735,50904205,9829931,3132925208,1066601632,4976371290,5004902241,626937069.5,147695538.5,92276458,386674033.5,487064583.5,1221795734,1101967922,119827812.5,1203746984,645748945,557998038.5,40634871,3441908,1736288,290371,1640375,3922747,7842433,5904694,1937739,20925573,16554667,4370906,78948764,113159609,50051290,0.429901079,0.443876637,0.33046825,0.571256883,0.099432829,0.699916395,0.655899778,0.578010829,0.36833227,0.071127342,0.362160754,30.38690524,3117936,4.287172829,0.622986094,0.087342246,0.811901393,0.549003747,0.585184271,1.17558595,0.314675061,0.424226831,0.805385391,0.641877589,0.53583175,1.617102874,1.738369715,2.563638257,0.783319241,6.137012533,6.134163582,16.72783074,6.321159749,5.462176544,19.21899087
10Q3,13769340803,13692322590,10018720620,2027928580,1212164262,936969397,923777929,719589590,7915386022,78133808,88038339,122218154,12465870,203338233.5,25842219,3066437,3221769,10401770,2247918,-233001,50378039,9817107,3092446593,1093684202,4922380548,4890641999,610865307,135955843,88693853.5,377476887.5,479449798,1201137197,1087839505,113297692,1176382146,629973477,546408668.5,36124671,3482334,2117829,235051,1596081,3617934,6705528,4883423,1822105,17514583,13776816,3737767,75572469,111816384,49373320,0.321011959,0.415098911,0.229969187,0.551933162,0.091042772,0.614709518,0.648593702,0.57063955,0.367929098,0.071697895,0.360591271,30.57283209,6288206,4.157700227,0.528401363,0.090910233,0.738648852,0.570065767,0.655835684,1.557732977,0.265013855,0.422828802,0.754601215,0.558264953,0.448910246,1.608245471,1.488851481,2.186888259,0.684060707,6.097238661,6.01001472,16.7744671,6.287963313,5.45387669,20.24139265
10Q4,13372666732,13593542960,9898397386,2011325837,1220522191,949136820,941615469,739385570,7901827787,77139042,88128655,123708850,8920859,192887164,22138195,1858529,4671837,3926242,2567843,-133552,50992659,10796541,3134939482,1112807396,4967648747,4955762364,612469939,125872621.5,85564527,374728926,474438062.5,1209276581,1101799335,107477246,1140456177,619748697.5,520707479,33221285,2782919,1707255,432532,1565962,3207770,7206958,5495582,1711376,15635393,11954578,3680815,79207796,119782608,55425565,0.30572491,0.354480684,0.240099201,0.582686914,0.065625709,0.443531269,0.647698024,0.567468262,0.375124124,0.07942404,0.407734504,31.24826905,6530366,3.892179444,0.446716234,0.093571461,0.670356699,0.454376423,0.632201207,1.35633546,0.505503876,0.417891946,0.676119868,0.595972676,0.498782476,1.592314712,1.370977099,1.928939593,0.706887293,6.187566685,5.921828066,17.0099722,6.261101402,5.26052308,20.31971196
11Q1,13632388225,13572126016,9917520764,2003715015,1245408115,954036527,951586673.5,763843179,7931775878,75244893,99653129,121735677,22323452,180989432,14956804,2098407,6288183,,2100486,-49204,57115902,10119419,3175199772,1148336454,4917397686,4927459464,627969513.5,114211839.5,83024154,371763775,464617792,1194647462,1092455577,102191885,1104605907,603132916,501472991,28201525,2379600,1061971,213179,847563,3082781,6318167,4647061,1671106,13587520,10349181,3238339,77329677,121735677,52399870,0.391702412,0.407541419,0.227222271,0.569768339,0.164480141,1.114103145,0.631183666,0.554407562,0.420832388,0.074560308,0.386084464,31.85599825,8386590,3.67307805,0.303539869,0.096301659,0.572333983,0.378935593,0.373060433,0.929825668,0.256767446,0.227984289,0.663509029,0.528872927,0.425377571,1.635262917,1.230078521,1.715903862,0.645765387,6.33192033,5.737318651,16.73064562,6.081488815,5.056435,20.20378946
11Q2,13814891410,13870788188,10112648884,1993339855,1262050023,960423678,957230102.5,781523150,7930527639,75216466,84582041,126303812,14542667,169550674.5,14422949,6629159,4323792,2870467,2091304,-323464,53675644,10018476,3183256549,1200180910,4946208163,4942901396,645710102.5,104831957,82675814,369982218,455424182.5,1162046685,1065661662,96385023.5,1081131958,580347706,500784251.5,24083211,1691695,862354,172381,824186,2948865,5729237,4321096,1408141,11261408,8834889,2426519,70039374,123433345,57647921,0.241476508,0.279579859,0.136632668,0.504941558,0.10484384,0.729562847,0.621316174,0.542265263,0.386968954,0.072227157,0.415606671,31.60193494,10952951,3.430185248,0.291791154,0.098546173,0.48722823,0.261989861,0.333444732,0.82260603,0.208502332,0.222763679,0.647498555,0.493029848,0.405484795,1.460954149,1.04163122,1.522344089,0.484543792,6.385172766,5.512798826,15.99453206,5.738829783,4.952058133,19.71135236
11Q3,13892263373,13997009009,10236240498,1950879711,1286863696,954967931,957051702,783506434,7912835365,72142299.72,89636785.61,113637494.6,8967341.278,161119049,15677191.14,8233957.833,4400138.778,13000,1985251.111,1167471,48346622.44,10062645.92,3206103647,1196287131,4934142109,4942974952,663320867.5,97314588,84705824,371195600.5,447085450,1170793618,1079739853,91053764.5,1072460907,576246079,496214827.5,23462830.08,1677036.611,901129.6389,115962.2778,823931.1111,2713540.417,5207503.528,3982033.917,1225469.611,11883291.67,9595205.806,2288085.861,80669444.33,113624494.6,53229975.14,0.343941986,0.349877397,0.279875861,0.576333446,0.064066125,0.459656289,0.591955265,0.515412255,0.345406811,0.071891401,0.380295355,31.45236797,12634096.61,3.259556251,0.317161048,0.099017154,0.47467022,0.252824341,0.332785564,0.925996459,0.136900006,0.221966831,0.606939997,0.444784072,0.368795679,1.345874734,1.108039612,1.665122967,0.461107918,6.480121951,5.404484318,15.80540305,5.629469912,4.847627677,19.05855682
11Q4,13679328236,13881105036,10282555187,1890063526,1293539422,972039649,965065098,807470325,7873855963,74897851,78112682,119579759,4952358,153467951,14196524,2883284,5226725,841803,2153765,186441,48461076,10209616,3266363007,1160598859,5076913676,5023769237,703002777.5,87890554.5,86440200,372563322,443934667.5,1205831994,1120096091,85735903,1074565297,579268982,495296314.5,19997759,1525218,587162,153495,767299,2381979,4971935,3658533,1313402,8935553,6498310,2437243,73160324,118737956,57913499,0.240836547,0.261073603,0.205159574,0.527049711,0.035676972,0.262020717,0.615297766,0.539566921,0.349115405,0.073550456,0.417211014,31.8919989,8110009,3.054836792,0.282587104,0.102550812,0.39806285,0.216957607,0.275730908,0.668060411,0.177573629,0.205951299,0.536560709,0.412324024,0.326626709,1.531915982,0.831550491,1.121812181,0.492077758,6.836849059,5.318659288,16.04432587,5.633512016,4.81686026,18.38126313
12Q1,13878570544,13655007312,10089247962,1808591549,1330370667,993789251,977325858,830262645,7708403691,74569426,94393128,126958765,17586167,146027307.5,11727013,2164473,5510381,,1897106,481601,57527417,9815951,3331057227,1108072269,5026580394,4982885937,711814161.5,82411163.5,82910733.5,368754476,436089584,1194953694,1113970380,80983314,1067598723,570476935,497121787.5,18222993,1188451,436238,84716,443521,2516990,5147768,3887236,1260532,7989940,6229970,1759970,76806961,126958765,57718291,0.307607225,0.317973422,0.178818081,0.56248202,0.128789144,0.972368084,0.62674762,0.546095834,0.421291733,0.071885359,0.422689565,32.50916967,7674854,2.930576966,0.235345805,0.107708765,0.365711622,0.166960854,0.180587468,0.529343333,0.102177362,0.120275421,0.577172694,0.430792258,0.348953264,1.556532992,0.748402919,1.092063433,0.354031958,7.055175611,5.293520142,16.16615316,5.654305823,4.927243233,17.92593022
12Q2,13795582939,13766007663,10220558877,1804216826,1347976577,983551927,988670589,796132665,7715713094,73052752,90899705,119786662,8658523,139240037,11163665,6736557,5644525,,1970114,-156440,51087296,9776459,3428415723,1120767498,5043804464,5033763875,736110924.5,78772190.5,84799542,375413650,429872070,1202023938,1125559299,76464638.5,1053639144,553528335.5,500110808.5,18021582,1248880,420533,72657,528743,2204121,4677168,3645296,1031872,8446987,5962378,2484609,82241182,119786662,56952793,0.320832271,0.336280134,0.25793442,0.597422172,0.062897851,0.479904792,0.607518625,0.530674933,0.371111925,0.07101884,0.41372048,33.04649635,12381082,2.766121742,0.221775699,0.10318329,0.358014052,0.169659213,0.189603101,0.533859726,0.085680887,0.140842774,0.512738825,0.389107725,0.3238653,1.349476072,0.801696392,1.077158588,0.496811698,7.202257072,5.273541193,15.96679817,5.415832365,4.893184556,17.65281965
12Q3,14435538525,14223216880,10533562299,1794428338,1448800700,987539620,981751947.5,808276886,7713506081,85573705,97911412,139629525,11806682,133071824,14167126,4036849,11246027,1875349,2321771,-885982,56439902,10954145,3393517875,1151858963,5309230830,5270750194,765577600.5,72893633,86032694.5,380688348,413258337,1189596011,1119406855,70189156,1083453422,577193691,506259731,21907405,1765975,255851,23628,772171,3671849,5379038,3603140,1775898,9163185,7217180,1946005,86104730,137754176,68038358,0.308338067,0.344076129,0.22532814,0.605381544,0.083009927,0.657963417,0.694141548,0.601648036,0.396815309,0.077015946,0.47836125,31.95744589,15282876,2.524722651,0.268787658,0.104787224,0.415641117,0.23067224,0.194889066,0.350992247,0.027463978,0.20283547,0.888511779,0.452173507,0.321879394,2.530160072,0.845738711,1.250391353,0.384388661,7.267983791,5.122812779,15.21664089,5.479567829,4.806158796,17.03534176
