date,total_assets_top25,interest_earning_assets_top25,total_interest_expense_top25,total_nonint_expense_top25,total_interest_inc_top25,total_nonint_inc_top25,net_interest_income_top25,nim_top25,loans_real_estate_top25,loans_agr_top25,loans_ci_top25,loans_consumer_top25,loans_foreign_top25,loans_other_dom_top25,lease_financing_top25,inc_depository_inst_top25,inc_on_securities_top25,inc_trading_assets_top25,inc_fedfunds_top25,other_interest_inc_top25,expense_trans_accnts_top25,expense_nontrans_accnts_top25,expense_fedfunds_top25,expense_trade_liab_top25,expense_sub_debt_top25,assets_depository_inst_top25,assets_securities_notrade_top25,assets_fedfunds_top25,assets_all_loans_top25,assets_trading_accnts_top25,inc_gross_top25,expense_total_top25,provisions_for_loss_top25
85Q1,1018814108,860435601,17413260.148,6865543.9068,24936277.038,2963862.6274,7523016.8904,0.8743265483,3133116.6795,149995.62543,4948024.3466,2688359.9719,73813.628983,1431027.8983,319532.46027,1932887.0959,1629961.8247,722395,779720.50685,,,,2224190.9726,1523589.4795,169252.58082,75482327.5,66781932.5,36774890,653545596.5,28087459,27959381.57,25715663.542,1436859.4877
85Q2,1040911626,877252930,17194727,7548624,24959648,3372450,7764921,0.8851405033,3168253.6637,146468.86156,4812359.6438,2794507.1367,61256.129738,1435289.5645,312894,1971669,1667557,698744,810537,,,,2088574,1578064,185873,79657577,68877728.5,41189320,660786306,26743517,28595437,27010307,2266956
85Q3,1061843678,886633168,16856572,7497009,24538508,3986694,7681936,0.866416493,3211370.7358,137735.60536,4477585.7068,3068361.5959,56982.42512,1454711.931,291766,1822082,1661238,747285,872105,,,,2127597,1973615,200533,78449833,70560547,44600714,664595576,28426498,28675546,26478131,2124550
85Q4,1088856852,907390694.5,16633562.548,8191414.6728,24993211.772,4011377.9963,8359649.2243,0.921284434,3381267.9123,112092.84509,4512792.3368,3253820.2565,45085.227746,1477218.1937,363581,1681183.7757,1730352.7978,844520,976696.42647,,,,2371666.3493,1781158,199971.00368,75675870,76012541.5,48040308,674995389,33264933,29146107.438,27280280.074,2455302.8529
86Q1,1094924219,931550990,16716801.26,7968455.9233,24887338.655,3982623.8137,8170537.3945,0.8770896582,3305156.6057,97333.355342,4351322.4856,3293673.3107,54447.061877,1583758.4356,357672.8411,1667297.2795,1908106.463,873824,978262.81644,,,,2299539.9945,1977974.0877,220059.00548,76002489,83849755,53330823.5,679963526.5,38470105.5,29293116.605,26919866.2,2234609.0164
86Q2,1119348622,945661981.5,15298173.865,8437342.5618,23578101.135,4185821.3596,8279927.2697,0.8755694351,3366519.0779,90946.137038,4124332.1028,3199088.0929,54030.817058,1556564.6038,334116.38202,1623970.3146,1975243,705418.69663,854186.74157,,,,2249794.1236,1381620.2247,221635.5618,77641712,89501666.5,50366681.5,692987929,35785980,28140686.64,26753761.371,3018244.9438
86Q3,1120513350,959688355,14288892.733,8594463.8,22622797.228,4555023.5611,8333904.4944,0.8683969594,3381587.5176,87044.23686,3880987.5635,3281653.8597,48722.222511,1406935.1277,339806.2,1468375.85,2044253.9278,693145.26667,783341.06667,,,,2034828.7333,1308483.3778,212554,76444420.5,100025975.5,52022576,691652528.5,39811154.5,27774941.139,25211814.928,2328458.3944
86Q4,1175515241,985166392,14201935.25,9522865.2537,22789971.349,5073490.4338,8588036.0993,0.871734579,3572404.4506,101413.40936,3852644.4836,3317139.5425,62670.102012,1413071.1259,294829.27206,1428667.4265,2273839.625,754406,789639.91176,,,,2105687.2831,1489675.2279,277091.88971,76135843.5,111659717,50693538,708488764.5,38441224,28228296.368,26422042.846,2697242.3419
87Q1,1179001656,1028301838.5,15104782.948,9019192.7315,23523426.849,4700151.1973,8418643.9014,0.818693849,3449370.3833,69819.400981,3996388.8406,3333212.2582,46864.037874,1481771.4599,432252.28493,1541142.1945,2398848.3753,1002344.4,771628.80548,,406727,5053636,2031291.9397,2117790.2959,237636.21644,82320009.5,116062884.5,50622782,740419171,39750317,28513879.956,26070610.008,1946634.3288
87Q2,1207738696,1074173667.5,16676250.539,9829096.764,25464048.326,5076515.1236,8787797.7865,0.8180984186,3891199.1875,82787.672985,4379994.8361,3374310.6785,48933.289231,1527794.4368,526849.37079,1720738.5281,2488493.3708,960593.24719,934075.07865,,462230.4382,5408355.4045,2118605.0112,2606586.8539,292654.7191,90568290.5,118867991.5,59887144,769601180,36105663,30740946.18,42972267.449,16466920.146
87Q3,1233306719,1079860574.5,16680449.25,10099646.633,25751629.522,5599096.2222,9071180.2722,0.8400325455,4105476.7315,100738.08182,4387405.2556,3594572.8241,45598.129754,1603288.0771,431433.06667,1743612.8833,2513576.1167,848959,1095400.3556,,473745.67778,5661038.4778,2211218,2323427.15,280268,90551153,120573274.5,65448832,769571785.5,34031857,31522717.844,28303698.467,1523602.5833
87Q4,1230767430,1104518765,17576551.371,10668634.349,27124840.118,6889375.375,9548288.7463,0.8644750138,4472473.4703,90602.948529,4618034.671,3651304.6235,48914.664097,1592214.1078,445423,2011619.7757,2685443.5184,868055,1108879.5882,,499721.54044,6010983.4228,2186579.5735,2559492.6728,207499,97950176,130121487,65455194.5,781112633.5,30409126.5,34092254.327,31893901.493,3648715.7721
88Q1,1263350371,1117245816.5,17670871.94,10577044.488,27101250.211,6073505.2959,9430378.2712,0.8440737152,4623365.1052,88015.119076,4487033.3316,3698017.6293,30770.119726,1511453.5554,486247,1799107.6466,2881042.1315,1007722.2137,1153065.3589,,532341.53151,6155939.9973,2376224.1918,2669947.7479,262055,87406543.5,138327867,68830758,790245723,32796335,33357740.592,31013088.214,2765171.7863
88Q2,1257354127,1121411760,18198636.556,10554034.2,27662872.233,6034554.7444,9464235.6778,0.8439572346,4564414.5312,86908.078639,4641377.7494,3761860.5452,32317.107243,1534139.0549,505068.84444,1703547.5778,2826264.3889,1132943.0444,1224183.3111,,530807.14444,6106802.7444,2483976.8111,2930210.4333,246113.81111,84120039.5,134769598.5,68955804.5,802092169,34533286,33787932.022,30743869.578,1991198.8222
88Q3,1288501487,1135644484.5,20048789.221,10780515.762,29835028.884,6376989.3757,9786239.663,0.8617344421,5264431.3907,103539.29529,5037952.597,4012593.9061,26429.925753,1640322.8355,554885.14917,1970550.5193,2922670.232,1252576.7072,1304689.0387,,589056.33149,6785287.1768,2725364.895,3250281.1878,273345.28177,84690544.5,137482103.5,65974995,819612877,32338322,36218527.16,32719169.133,1889864.1492
88Q4,1313120357,1173848334,21982195.813,11766378.26,34541221.663,6443996.1795,12559025.85,1.0699019188,5708833.7158,101949.02574,5486251.6479,4315771.2201,93344.26352,1728470.0904,615716.38462,2360629.5714,3136451.6044,1173883,1413320.1392,,621746.81319,8120040.5018,2959253.8352,3700375.381,278593,83204002,143912559,67189022.5,843227713.5,37133450,40796789.52,36133983.927,2385409.8535
89Q1,1347802530,1175089003.5,22685613.586,11122622.26,33346625.173,6654595.0603,10661011.586,0.9072514128,6057272.8006,108702.80929,5725728.4291,4456570.3442,29392.092345,1713822.7874,515601,2088040.2932,3237489.6877,837447,1636836.9288,,610969.82466,8348493.5753,3284061.0137,3616473.3096,295197.86301,79749855.5,146338080.5,67766624.5,849342469.5,32325696.5,40042172.025,35391633.271,1583397.4247
89Q2,1367226051,1185674526,24851065.348,11631097.382,35483870.315,7182863.2584,10632804.966,0.8967726584,6574168.4774,110293.72461,6117265.2124,4533332.2499,29099.671739,1756783.5966,541273,2546122,3332681.4944,892921,1459993.8876,,608064.93258,9175970.9438,3408004,3902504,306732,80061477.5,149703381,62406148,861479808.5,32086876.5,42789767.573,38168864.281,1686701.5506
89Q3,1372622170,1208615026.5,25571930.189,11741590.089,36002721.539,6906984.8667,10430791.35,0.8630367091,6775488.757,111036.72718,5962404.4147,4637438.6815,26205.920241,1843325.3383,666842,2283115.55,3582142.1278,1061820,1312576.0222,,612645.72778,9271100.7778,3390320.5667,4704736.1,318615.53889,80180191.5,157031808,55169663.5,884254709,33305479.5,43090501.239,47069041.878,9755521.6
89Q4,1390523584,1236271756,26298346.882,12550807.283,36962010.691,7871932.8971,10663663.809,0.8625663214,7036358.9622,102424.1505,5692714.8922,4982459.3127,15420.553327,1635706.5188,856679.05147,2211251.0221,3598935.6985,1144190.9044,1328442.625,,635100.33456,9424732.8235,3422702.5074,4976427.7022,311743.20588,77831703,157035773,60660057.5,902524940.5,39410689,45035277.14,44976702.717,6127548.5515
90Q1,1419023184,1257753436.5,26727361.17,12121990.959,37473551.203,7717573.9233,10746190.033,0.854395601,6831372.7789,99698.458971,5524526.6294,4899834.1647,20245.888745,1664830.6683,903086.88219,2371404.4274,3801668.7616,1196152.537,1235712.0055,,643820.72329,9157345.7836,3145207.6055,5670469.0356,333322.83562,80216996.5,162589056.5,59573986.5,913976226,42655873,45279745.047,41626333.268,2776981.1397
90Q2,1436564544,1261466372,23645457.955,12416232.494,34423437.674,7502537.8989,10777979.719,0.8544008749,6967990.4832,100944.81256,5528514.8653,4882692.2219,24164.897652,1580732.3486,617889.83146,1981277.1236,3831356,1093102.7753,1338638.3146,,660121.59551,9298949.7303,2962020.2135,3098247.3371,327402,75681819,169637877,63835007,920767144,40040038.5,41949835.809,38641435.73,2579745.2809
90Q3,1460727658,1298313073.5,24236546.244,12889195.944,35557569.883,7645047.2556,11321023.639,0.871979484,7304179.8688,109934.52547,5626780.3093,5084956.9629,23031.886121,1575580.053,618084.95556,1796388.6222,3976918.1111,1217731,1371762.5889,,672690.51667,9615425.3333,3111572.2278,2958706.0222,326308,70210358,178881139.5,66128715.5,938205124,46780357.5,43227056.372,40723121.606,3597379.4167
90Q4,1434783059,1289268889.5,24196259.224,13731057.004,35842241.915,7848474.4559,11645982.691,0.903301304,7314442.0086,108700.22816,5537196.6325,5178594.5098,22068.915666,1730630.1098,749466,1684201.1691,3966953.4706,1153247,1258625.8713,,655842.97794,9727623.875,2876054.1875,3281324.0294,330482.15441,60086008,176334460,63299343.5,946472066.5,46595270.5,43832466.283,42715842.471,4788526.2426
91Q1,1417705241,1279790662,21017283.422,13139353.438,32800869.482,7985903.1863,11783586.06,0.9207432442,7096400.9915,111266.55848,4858983.8461,5231736.5126,17691.420117,1341661.3891,656604.32055,1284708.9781,4016717.7068,928553.32603,1016772.4329,,686247.19452,9165981.7534,2208399.7041,2512546.9562,447292,53040448.5,178410446,63185439,944467812.5,42562561,41039623.748,37562065.137,3405428.2767
91Q2,1453065533,1290265755,19233917.056,13579895.629,31250567.562,8169193.8989,12016650.506,0.9313314299,7145276.638,104247.99159,4593827.7064,5120848.6002,13111.043783,1264072.8178,608328.39326,1161444.4494,3965437.1124,926008.92135,974534.88764,,715963.08989,8874722.7753,1977429.5618,2050477.3146,392201.57303,49386650.5,183085240.5,66620447.5,945876214,46514799.5,39586912.247,36671792.315,3857979.6292
91Q3,1496944144,1297463733.5,18797945.911,14612475.35,31292500.206,8267620.4833,12494554.294,0.9629983461,7153456.2099,109841.84633,4348260.1687,5005942.2943,13323.865487,1269212.1542,677115.59444,1254781.8444,3962409.6167,1036420.9167,1042098.5333,,730433.65556,8535327.6556,1897418.2333,2162745.4278,399584.25556,53613122,186476675,68206863,940062594.5,52998519,39927536.872,38212122.511,4801701.25
91Q4,1530466411,1370185304.5,19006480.092,15850894.636,32196138.449,8714579.6765,13189658.357,0.9626185826,7066841.2402,102515.8292,4239281.2144,5059620.3769,14786.864079,1169082.9826,737672.54044,1450406.2206,4285144.6103,1167511,960084.56985,,711621.63971,8121707.8824,1777725.2684,2613088.7537,428569.54779,56311893,207776309,77170332.5,965641410.5,65001209,41489226.504,40356818.853,5499444.125
92Q1,1542668191,1392225597,16744116.855,14561273.427,30356839.233,9053856.7233,13612722.378,0.9777669946,6447940.8105,83638.212121,3652470.7677,4947629.1685,13663.860268,1069791.5398,683787,1423892.5507,4314996.6603,1093457,890237.66301,,529843.9863,6682392.7315,1510873.589,2473352.4274,359126,64095462.5,223441339,87603711,951955941,67633969.5,39940782.978,35576327.975,4270937.6932
92Q2,1575048888,1399400734.5,15740696.7,15634176.778,29771023.922,9300048.2,14030327.222,1.0025953879,6450375.875,83532.426823,3703149.0846,4810308.1289,13566.528606,1000142.5227,660030.47778,1246981.4667,4295163.3889,1198236.9222,811465.63333,,507231.61111,6187931.5667,1403801.4444,2537225.1222,346217.76667,57341428.5,223236068.5,80536188.5,971899816.5,72355810,39471186.878,34826755.422,3451881.9444
92Q3,1594278271,1406302176,14943111.37,15742992.497,29550821.729,9784446.0552,14607710.359,1.0387319744,6147971.1329,78765.472979,3567694.8418,4807762.0561,11003.777933,951201.97785,677865,1235840,4423020.5635,1243591,640196.90608,,444867.69613,5510764.6409,1213885.1215,2423884.116,418530,52223037,237276258.5,75989727.5,967308645.5,73935252,39907736.785,34401292.166,3715188.2983
92Q4,1604945125,1433993554.5,14322484.656,16204463.037,29498381.853,9428490.1099,15175897.198,1.0582960537,6098109.521,80069.2697,3348201.8333,4724509.1649,33716.158679,903597.38577,634982.68132,1305538.2198,4644571.0147,1370134,589031.6044,,452112.74725,4820749.1429,1239419.7949,2847259.8828,393310.69231,61313996,257058294.5,73331639,962621210.5,81191807.5,39252248.399,33737654.033,3210706.3407
93Q1,1652362581,1462252933,14075285.852,17667119.616,29595399.992,10566839.904,15520114.14,1.0613836902,6398552.5557,87062.11512,3459263.1142,4879195.0117,17671.70578,797572.19346,593764.08767,1031810.9151,4469400.2301,1436223.6411,574072.54521,,452930.03288,4793525.3507,1179343.6712,2852202.189,393999.48493,49804753,266691460,74091893,988008720,84598784,40748531,34490588.247,2748182.7781
93Q2,1694072518,1501127376,13842142.011,16826472.831,29166384.213,11020384.079,15324242.202,1.0208488931,6214081.1428,90078.297531,3484378.7603,4821288.156,19143.135723,789905.91214,588443.02247,1185568.3596,4438799.1798,1398506,592812.24719,,437113.70787,4540378.9888,1169063.4607,2898217.8539,404895,51675728.5,275124533,77769336,1003089580,93772113.5,40630758.404,33094078.09,2425463.2472
93Q3,1731057829,1530583374,14776784.167,17003411.8,30434752.233,11391383.356,15657968.067,1.0230065433,6449322.3266,98373.405131,3473834.0857,4881589.7304,11880.086771,802165.60995,568177,1211772.2222,4579668.9333,1635250,645338.83333,,438412.77778,4454601.5333,1261782.7667,3567276.0889,435953,53149392.5,279083703.5,83919918.5,1010857556,104096243.5,42365918.811,33862283.744,2082087.7778
93Q4,1782839511,1568275260.5,14918303.077,17367327.662,30524405.368,11518771.857,15606102.29,0.9951124451,6332443.6283,93778.222844,3354775.9165,4880600.3935,18610.845175,838929.22526,544385.16912,999442.97794,4362767.0257,1725845,591082.96324,,410206.18015,4093215.2243,1204229.3676,3655617.3456,428077,49342967,285217833.5,79925638,1044638140,110007938,42179218.985,34006720.717,1721089.9779
94Q1,1933281233,1596445592.5,14058030.57,17439719.953,30298546.323,10965745.055,16240515.753,1.0172921539,6640102.1899,95657.317561,3599907.911,5067710.4588,13896.153642,907123.5143,539568.42192,854982.42466,4319685.2521,1871806,611506.67945,,403107.01644,4168052.6986,1297633.5014,3593636.1342,436768.6137,51845458,295343943.5,77846851.5,1076654670.5,96630554.971,41606897.564,32913409.504,1415658.9808
94Q2,1963576424,1599962863,15621108.348,17635169.056,32252152,10762808.82,16631043.652,1.0394643548,6799955.6692,112769.06261,3826020.6465,4972411.9452,18287.949982,933575.06355,545522.01124,959092.82022,4712938.8315,1738066.7528,762106.24719,,393937.31461,4276124.3483,1596100.4045,4156726.4157,474681,55617860.5,313044796,76000344.5,1074986398,82578191.005,43185898.371,34536086.573,1279809.1685
94Q3,1995695492,1661037686.3,13965077.678,18013858.056,31067900.333,11600247.733,17102822.656,1.0296468766,7286204.4579,123561.46088,4093087.9665,5547138.1085,14457.104791,881394.81251,466751,683708.15556,4642894.6778,1599598,946835.58889,,433050.97778,4700519.5667,1888675.6556,2409084.0333,478041.44444,52747945.5,305895029,79156723,1131846040.5,93068961.256,42415911.389,33121180.011,1142244.2778
94Q4,2038028156,1705558365.7,16286116.397,19855341.849,33657034.607,11577216.063,17370918.21,1.0184886404,7716958.9652,131861.98284,4760389.4306,5842240.3518,19119.669895,1083575.5996,532960,885888.28309,4660216.9118,1818272,1216547.4118,,455047.84559,5233336.7757,2243178.1801,2988241.3824,546118,53721839.5,298172084,86852059,1171553426,96420276.189,44787064.033,37471161.246,1329703
95Q1,2129801732,1732808705.6,18387223.688,18922688.244,35780473.351,11117041.345,17393249.663,1.0037605194,8177184.1789,142418.89985,5212420.0368,6117925.2517,13404.439317,1371884.7742,541932.07123,1008328.2493,4714651.0575,1863149,1293333.3918,,480022.66849,5768759.4849,2482309.0795,3500207.4411,616203.23836,57683026.5,291362393,95477244.5,1212137343.5,77232825.588,46974056.537,38504476.614,1194564.6822
95Q2,2130564115,1784381436.4,19537933.36,19068652.854,37307531.517,11695602.955,17769598.157,0.995840788,8507671.0284,143489.69493,5541416.2192,6442313.1633,15911.090125,1471920.0738,535653.1236,1040423.8876,4639301.4157,1951227,1414272.8202,,449383.07865,6338217.5169,2733723.427,3695100.3371,644883,55695093.5,280039156.5,98681585,1252686048.5,97864926.429,49240248.584,39813385.371,1206799.1573
95Q3,2159587704,1803042600.7,19768983.372,18735711.189,37890918.189,12818461.194,18121934.817,1.0050752439,8762041.1076,154610.1302,5496492.2406,6768878.1281,18588.925788,1570677.8733,569853.66667,953899.11111,4631212.8222,2017860,1255192.1833,,392904.42222,6648881.75,2652531.0667,3865278.2833,636755.65,54528615.5,278494407.5,88465234.5,1276307279,106991358.23,50790366.711,40109833.383,1605138.8222
95Q4,2276681198,1916939924.3,20818765.64,21023151.059,39875583.96,13100044.809,19056818.32,0.99412705,9480272.1665,151867.33258,6038501.563,6842909.7541,15295.921754,1624623.2362,679065.1875,959444.98162,4947389.7316,1979616.0662,1329958.1213,,387967.58456,7134249.8529,2796693.2426,4144189.9375,687035.68015,53871774,294118169,97889193.5,1360817523,111610052.82,52865947.772,43604190.007,1762273.3088
96Q1,2350564391,2014859581.3,21020926.726,23020371.315,41060428.436,13565023.953,20039501.71,0.9945855233,9650623.6456,158906.58891,6128176.7909,7048332.436,15064.97145,1683340.2521,719255.0411,947608.95342,5158489.3315,2079786.9068,1424959.5178,,314141.28219,7363339.8,2709723.2247,4191095.9233,684395,55111023,309567989,110975231,1424898323.5,114991952.26,54998507.258,45898180.34,1856882.2986
96Q2,2492264833,2120199737.5,20753266.278,22057413.756,41516103.7,15328769.478,20762837.422,0.9792868594,9828918.9805,156019.19703,6377735.1158,7066171.4554,12601.824962,1761819.2041,813293,986825.98889,5172607.3889,1793704.3333,1471956.8778,,263366.58889,7538235.4444,2716661.0444,3995051.3333,728012.53333,63588112,319963784,115206727.5,1506129406,118145961.03,56901179.178,45206373.4,2395693.3667
96Q3,2522597040,2101597823,20995612.105,22464976.171,42308089.392,14198285.519,21312477.287,1.0141082682,10019830.817,161821.00891,6510661.1988,7465104.8704,14036.139244,1660586.5956,852177.27624,936836.72928,5118797.1215,2082126,1330002.6354,,236604.61878,7829466.0497,2576767,4093025.4365,804144,58771563,305910869,105396408,1512625925,119292491.48,56646041.912,45440338.287,1979750.011
96Q4,2583005774,2154432554.4,21857157.366,23194171.198,43280868.377,15429633.205,21423711.011,0.9944015637,10249418.511,154540.01262,6638949.4037,7116421.6051,13349.743408,1709613.0829,987905.65934,1010947.641,5147924.0037,2319256,1415064.7143,,192118.49817,8095197.0879,2695860.2234,4455592.1062,810675.71062,59829544,304341654,106531495.5,1556847814,127441351.41,59034089.48,47138716.56,2087387.9963
97Q1,2640370544,2231950351.3,22013235.455,22753065.797,43931516.392,15350269.499,21918280.937,0.9820236783,10263693.394,180317.28131,6906183.6161,7389459.8899,10722.202447,1780060.389,1107601.9589,972199.47671,5137904.5205,2305539.7205,2497516.9425,,183871.05753,8277699.4055,3473235.0822,3659443.1534,838426,66880699,305601724.5,174167901.5,1545859615,139892637.77,59639409.027,47053470.405,2287169.1534
97Q2,2716538358,2284686208,22979390.506,23449222.494,45347715.966,15975113.348,22368325.461,0.979054602,10561702.047,203842.04856,7145248.8358,7641482.6802,11736.324974,1894052.3443,1157562.0562,1073904.0225,5323870.9101,2428317.0787,2390854.618,,175466.86517,8544441.3483,3357860.2584,4157465.2472,813329,67259337.5,313436315,173391436.5,1584178290.5,147135645.53,61587724.843,48901982.989,2473369.9888
97Q3,2791402093,2336807498.1,23676116,25289087,46242575,17346036,22566459,0.9656961054,10747818.217,132722.08301,7537037.3606,7725847.8376,14128.402935,1826824.0991,1332233,1186130,5220867,2429327,2403324,,168915,9089070,3408297,4054526,908826,71904549,312234726,185120959,1613650640,153896624.05,63726441,51527935,2562732
97Q4,2892473867,2408480516.4,25279029.327,25252492.831,47969671.673,17045662.838,22690642.346,0.9421144241,11105478.715,213269.05049,7278909.6014,7237846.9625,13473.951444,1911246.5357,1449974.4706,1656791.5551,5700307.0551,2631737,2847810.7757,,167620.40809,9258084.7831,4031551.0735,4327290.0625,916856,97851904.5,339827870,209257085.5,1623921700.5,139331679.89,65766532.478,53436939.768,2905417.6103
98Q1,2982809599,2502078378.2,25849565.285,27148408.501,48670711.408,19036302.474,22821146.123,0.9120875797,10642422.33,189529.54723,7765921.1484,7157314.3441,18720.991708,2058954.9867,1543691.5205,1583417.3233,6053592.8548,2588023.063,2940727.2986,,184587.69863,9252416.2027,4219210.5014,4388738.8822,1050202,94068184.5,365850374,210440011,1675674131.5,157309788.24,68323947.622,55604201.956,2606228.1699
98Q2,3054674991,2556002603.2,26002896.449,27211669.483,49869980.067,19959130.382,23867083.618,0.9337660137,11233321.894,184366.35987,8501877.7717,7305665.3088,17018.867251,2102868.8546,1588579,1066495.0112,6227393,2683731,2583434,,187513,9344836.4831,3915124,4844643.9663,957435,78194563,380278403.5,207545483,1741514834,152910264.21,70306242.449,55904316.551,2689750.618
98Q3,3131129127,2593544408.3,27297564.667,28005414.178,51788855.7,18606178.95,24491291.033,0.9443173965,11243053.427,205607.8957,8740887.4188,7564669.7282,14167.861942,2366904.046,1695233,1340608,6275239.75,2870649,2819043.5722,,168735.51111,9530982.0222,4131054.9278,5004670.2056,1065333,75446883.5,382140184,204968556.5,1795790273,135558019.82,70912638.65,59409950.844,4106972
98Q4,3309765113,2767067780.1,26675198.739,34584096.276,52166220.199,23317289.092,25491021.46,0.921228661,11346372.741,216070.079,9435602.8105,7949283.2104,24301.400692,1800062.6811,1755052.2757,1320649.5846,7063461.1985,1723883,2747963.2169,,158876.18015,10000069.772,4132348.6838,4401502.1029,1081616,85586008,427249300.5,223136519.5,1902745212.5,128368663.58,76352371.169,64190625.761,2931330.7463
99Q1,3266293144,2777379024.9,25660514.142,30316711.049,51721098.762,23793351.926,26060584.619,0.9383157425,11573554.189,187858.32191,8976448.0414,7616380.3521,25153.732845,2220556.3677,2058812.9863,1291734.2164,7042737.0959,1857249,2521870.4575,,148302.30411,9268984.011,3799290.389,4791708.4384,1041016,82138400,430920082.5,212052141,1934152976,119442709.42,75942220.493,59243998.934,3266773.7425
99Q2,3274855609,2773935968.3,24716648.472,30685653.64,50380896.573,22823634.135,25664248.101,0.9251925205,11460667.2,188502.85368,9241418.8696,6349829.1012,20945.483893,2066050.1995,2073946,1348592.9551,7450738.1124,1774740,2496914.7978,,152700.52809,9036070.9438,3737045,4560320,1011550,83626066.5,449671199.5,206240030,1926184352.5,108216913.33,73317525.708,58108346.18,2706044.0674
99Q3,3289149139,2775291930.9,25443424.128,29660211.222,51717333.039,24843229.528,26273908.911,0.9467079344,13153503.734,189399.10149,8908621.6645,8104539.4312,27536.674068,2207717.8888,1602492.3167,1025309.7833,7602246.8389,1513584,1953361.6056,,138555.15,9443233.4111,3654427.1833,5076720.3833,1085121,75418895.5,474937305.5,180219697.5,1953343201,91800678.883,76390492.183,57903275.828,2799640.4778
99Q4,3522214005,2937243264.6,30141721.272,34452949.276,57726473.632,26888381.882,27584752.36,0.9391374795,15922222.198,199804.68401,10704609.041,6490329.6913,15632.142874,2551382.5587,2026983.886,1324717.3493,8642217.9779,1742779.3272,2263930.8272,,164865.02574,10642350.404,4369107.0735,6885923.8897,1153092.1912,88608049.5,525581795.5,183659397,2036339921,104599055.58,84396205.577,67787890.625,3193220.0772
00Q1,3571342463,3000056905.3,30351206.233,31050287.46,57328057.767,26377720.896,26976851.534,0.8992113278,14738138.856,185290.18976,11623751.089,6543916.6728,26948.42411,2659737.1541,1845596.3726,1234997.0658,8558779.0548,1976306,2385212.8877,,176353.19452,10929893.025,4438738.7096,6087951.3041,1158861,77410927,529760577.5,188528175.5,2083415648.5,121470469.31,83104284.863,64551037.178,3149543.4849
00Q2,3642450112,3075093234.8,33194671.667,33154419.889,60532716.956,22849779.456,27338045.289,0.889015168,15905860.88,204837.52102,12424391.275,6658024.2643,27841.429691,2536184.0184,2227641.8778,1430206.2556,8504088.2111,2291673,2633351.2222,,166720.48889,11799292.389,4882820.1556,6603211.6333,1258499,88191467.5,514682863,191528121,2136709154,144730660.78,82483200.611,70619343.778,4270252.2222
00Q3,3669272223,3098632172.4,35160189.337,31298223.652,62841029.354,24668486.983,27680840.017,0.8933244889,16708962.491,222604.02752,13037222.031,7257434.5065,28465.826874,3265614.3493,2192407.4033,1162934.0608,8365057.4972,2266421,2469063.1602,,177887.72376,12539596.867,4894325.3757,7268377.3702,1361355,79046282.5,501344591.5,180832234.5,2202084035,135440221.38,87178005.552,69759074.602,3300661.6133
00Q4,3830227592,3184115894.8,36561947.172,33185403.835,65052575.758,26386352.429,28490628.586,0.8947736052,16690925.456,252366.01953,13434971.822,8346226.8547,43459.904023,3228773.3573,2287444.5531,1558589.5751,8040657.9597,2531733,2625180.2564,,176613.90476,13430901.168,5179853.2894,7027126.5311,1440334.2784,83304745.5,497753429,191023764.5,2266386171.5,145674143.82,91672718.476,75818625.128,6071274.1209
01Q1,3963271367,3325157665.8,35646191.26,33225020.696,64647412.534,26723306.395,29001221.274,0.8721758241,16990650.045,227717.84173,12647714.654,7689081.8822,34821.031895,2874225.6822,2339076,1640423.4904,8642184.5233,2517066,3040838.3836,176530,209553.02192,13766275.271,4820004.4411,7094420.8685,1365903.6575,106388687,522987823,224312697,2316924855.5,155024234.8,92297872.512,73533903.129,4662691.1726
01Q2,4018233310,3392046750.5,31048489.303,33114676.517,61161732.685,25263705.764,30113243.382,0.8877602697,16231914.643,201082.87797,11998855.006,7296978.8559,30659.024177,2681837.5711,2270335,1408774.5955,8386444.5056,2408607,2763599.3371,221365.26966,240823.8764,12522978.09,4181735.6404,5940302.6966,1247298,111794252,532975380.5,247104038.5,2344827591,155888851.49,87027432.045,69256560,5093394.1798
01Q3,4223182102,3462498835.4,28364190.867,35298898.261,59397970.189,27042972.817,31033779.322,0.8962827368,15749025.776,211906.17407,10940213.518,7735954.9557,52598.021316,2277368.9216,2207515.15,1353279.5833,8531742.0056,2286133.5111,2489308.1611,222555.3,254272.33889,11770187.417,3674181.4944,5265170.95,1220277.1222,127638506.37,559032313,271717795,2363850159,146899767.52,87209034.139,71308802.694,7645713.5667
01Q4,4163676263,3515609392.5,20301957.478,36098598.371,54865871.537,27931338.349,34563914.059,0.9831556979,15727067.214,157121.03971,9459974.0426,8292961.1072,25811.02769,1888115.9333,2249402.9449,3264.5110294,8136773.0809,2096140,1361878.1103,189438.52574,154502.4375,9709340.5515,2309654.3235,4388026.2353,1054601.9301,105296852.67,579321018,263308899.5,2407376405.5,160797308.86,84131813.879,66497989.18,10097433.331
02Q1,4080471061,3515266904.3,17482242.474,33695275.378,51289141.425,27200656.337,33806898.951,0.9617164179,14269404.649,138556.18356,8338246.0849,7828945.3014,27470,1487108.0822,2128996.4384,804319.03288,7851407.8192,1815697,1293854.1452,295124.68767,104978.71781,7842789.1726,1899616.7918,3746181.7918,959935,102188909.32,603238879.5,251467821,2374566701.5,184407416.52,78993960.351,58298042.005,7120524.1534
02Q2,4235979667,3494311143.8,19173656.258,33995285.124,52604361.618,28386790.494,33430705.36,0.9567180478,14844808.236,122760.16854,7857092.5955,7925213.8876,29524,1458927.618,2124041,720393.60674,8274377.6629,2270927,1274554.6404,300114.20225,110287.4382,7884418.3708,1966781.4719,4288993.9775,959934,94640963.113,613510995.5,239835932.5,2349209917.5,198000923.72,81804074.416,60432724.708,7263783.3258
02Q3,4347342559,3540212926.3,18347709.706,34958847.783,51921042.628,28286402.544,33573332.922,0.9483421936,14724339.594,124355.06667,7841798.0833,7845284.2444,25211,1373682.6667,2028859.8167,715952.78889,8254843.6667,2197311,1207453.4222,298143.27778,101607.68889,7608077.1333,1955245.6167,3953518.2667,955673,103917138.94,629272929,242914524.5,2378806445,186240211.82,82124998.428,61481007.589,8174450.1
02Q4,4425137514,3697260628.5,16284402.294,37183025.294,50660175.676,27969809.059,34375773.382,0.9297633258,15083906.176,115609,7392243.6471,8078760.2353,18102,1290945.4118,1941138,635719,7904211.7647,2026844,1175950.0294,237758.41176,109836,6944778.8529,1851972.7353,3614610.7059,958437,97927001.5,675963288.5,258352343.5,2469620696,195918545.53,80527659.294,62036584.147,8569156.5588
03Q1,4509555738,3755987737,15120084,35027317,49466235,28854442,34346151,0.9144372507,15065151,102020,7332443,7583059,14591,1180834,1991598,587946,7620755,2016979,1025565,296540,97067,6336390,1642151,3509510,913254,89119654.5,698614130.5,246453183,2522125103.5,200141188.96,79970266,56267165,6119764
03Q2,4719420968,3852900285.9,14709864.753,36537434.865,49242039.292,29584054.697,34532174.539,0.8962644236,15392210.865,98102,7271038.1011,7232755.6854,14568,1384915,1907805,626193.7191,7671930.2809,1855141,903067.67416,264845.96629,97458.247191,6102253.5281,1589765,3445074.9775,902935,95256628.539,738936494.5,259807731,2575196236.5,185709218.84,80999459.596,56976704.135,5729404.5169
03Q3,4696772993,3933742662.7,13418578.333,36623659.667,48279498.333,30436259.333,34860920,0.886202352,15390106.333,93661,7095616.3333,7590213,15736,1235304,1826548,440848.33333,6951275.6667,1692391,1113932.6667,293802,92828,5635492.3333,1313169.6667,3035295.3333,888235,109674900,716929218.5,288794046.5,2640476760,185926960.16,79080423.667,54688704.667,4646466.6667
03Q4,4749992266,3936165433.8,12637262.713,38707039.471,48469842.5,31922027.199,35832579.787,0.9103423215,15127443.721,90772.485294,6760239.4559,8214624.5588,15123,1200611.5515,1484451,402078.50735,7373355.2353,1840311,924409.53676,298012.44853,101869.45588,5042942.8529,1128864.3897,3181291.0147,876531,103119834.24,727855928.5,287744395,2614757242,203390015.55,80515944.25,56345545.449,5001243.2647
04Q1,4914049130,4093767240.5,13566765.014,39303340.493,49722523.658,31906493.274,36155758.644,0.8831903848,14791781.945,80236,6697175.274,8776415.9041,14468,1291119.0274,1394436,592124.12329,8162707.0685,2015995,962094.73973,291967.57534,109581.87671,5309981,1336338,3260434.137,931871,121865539.5,802883923.5,279925867,2646395903,245758660.54,82692559.932,56836087.836,3965982.3288
04Q2,5115899853,4328861679.8,14167550.956,42414811.978,51242103.756,33518299.956,37074552.8,0.8564503914,15527567.356,90063.333333,6591674.7333,8437739.8889,15161,1420409.5333,1522074.0889,615160.8,8778283.6,2128036.8,846414,322805.62222,105613.22222,5309242.3333,1553092.6889,3402711.9778,951808.73333,143356786.48,855652782,279294279.5,2793175733.5,261011821.34,85506883.044,60237173.978,3654811.0444
04Q3,5373419477,4529054986.7,16676190.873,41234374.74,55573792.525,30749207.646,38897601.652,0.8588458689,16642141.558,108466.24309,7390303.3591,9628184.5635,20970,1691000.0718,1652800.7127,652389.8232,8809880.7348,2299928,1102797.9448,342927.51381,167453.17127,6140616.2818,1954831.0552,3911629.116,1070621.2486,146975443.26,856216691.5,314228387.5,2949534614.5,266344050.46,87522027.624,62062851.961,4152286.3481
04Q4,5532707856,4640221506.1,17731909.835,44770491.165,58212075.007,33984596.117,40480165.172,0.872375707,18421524.538,127596.15385,7608726.6117,9841562.6593,19353,1473957.4286,1571925.5421,778709.84615,8900454.7875,2508886,1149827.0879,403833.35165,248029.8022,7043211.967,1758570.7363,3814121.3004,1318297.0293,139578936.99,843420934.5,304096456.5,3050780552.5,304724136.63,92019226.813,66355462.615,3853061.6154
05Q1,5651314948,4752551644.1,22156867.501,42988284.548,61801176.545,35381318.819,39644309.044,0.8341689268,19564475.101,129981.92055,7939009.2493,10146739.063,23371.317808,1621509.9616,1545780.6822,949227.83014,9777913.5288,2889485,1432266.6027,432656.28767,280810.70959,8530815.5644,2696114.9973,4937075.537,1304714.0575,123810486,885408232.5,308407142,3095508130,342487799.12,97066766.129,68732366.885,3587214.8356
05Q2,5719158945,4816904911.6,25071573.393,44254416.528,64169122.461,34351569.337,39097549.067,0.811673674,20536995.652,134343,8388917.5843,10212137.989,26378.134831,1777692.2022,1524050.7978,830191.20225,9808909.7303,3180813,1767968.4045,396155.61798,362754.49438,9749026.2247,3119730.7528,5525884.1011,1412943.7753,99065107.5,896966958.5,337840975,3133409253,350249850.1,99306307.775,73140796.494,3814806.573
05Q3,5823494367,4909898367.4,29095109.835,44084017.472,69287861.667,38167744.667,40192751.832,0.8186065948,22760186.389,160835.30556,8993025.25,11099226.556,-41580,2117576.9722,1450342.7778,913911.66667,10107644.167,3091496,2223313.5,424806.08333,381882.02778,11190780.056,4068284.3611,5991562.2778,1469226.1124,92106369.5,896153007,337310319,3245278873.5,341334883.94,107532981.33,78722852.973,5543725.6667
05Q4,5896459600,5029843887.5,33295866.794,45135992.908,74129336.746,36623810.033,40833469.952,0.8118238034,24138035.551,172377.22794,9671295.3309,11656712.066,2368,2207437.1103,1405846.9412,1201517.1765,10615555.559,3192523,3120320.5478,498003.23529,388336.375,12893250.221,4899804.5441,6531561.3382,1675151,93679162,901540230,372676175.5,3319037832.5,343025586.53,110047380.16,84047515.79,5615656.0882
06Q1,6197649406,5229287714.5,37388994.288,47648044.397,79241533.282,41434540.4,41852538.995,0.8003487526,25790512.962,175889,10328487.334,12195908.964,3219,2441033.3945,1459489,1262047.8082,11279731.145,3622710,3478865.5123,465817.16164,328879.96164,14646172.326,5605948,7401890,1734552,100675594.64,940270583.5,380709342,3446785846.5,362926973.35,120575366.68,89065194.384,4028155.6986
06Q2,6396271748,5458552291.3,42123227.483,47448957.775,84860015.045,42142691.854,42736787.562,0.78293264,27516288.562,190778.05618,11116060.742,12788783.416,3451,2418347.2584,1516927.2697,1565768.7528,12419789.944,3767000,3587904.2135,511225.83146,378567.95506,16631870.315,6428400.9213,7861402.2921,1868730,123874883.04,1001145409.5,407335432,3532337365.5,393887573.72,126473653.07,93605662.36,4033477.1011
06Q3,6493511127,5542662505.9,46557698.294,48036141.9,89626975.022,42084282.289,43069276.728,0.7770503198,28547708.65,209078.42778,11716802.161,13482622.317,4211,2816751.1944,1429385,1750774.8444,12941708.922,4024634,4283324.6889,513416.81667,407699.58333,18446613.017,7120071.5944,8308974.1,1959569,129298121.03,1012551724.5,410266175.5,3582230549,408942771.82,131342508.31,99288887.439,4695047.2444
06Q4,6883292843,5876087321,56620530.191,50465828.335,105537748.35,41113559.662,48917218.158,0.8324794287,39666493.717,223235.25,12099242.188,13716678.871,4621,5029225.2279,1529632.489,1804129.5147,13454000.324,4232982.875,5815472.2574,658034.63603,512509.61765,20984319.783,7825632.5478,13957557,2105038.3676,128573487.3,1020344246,444735367,3848805539,435653539.72,146796835.56,113073061.73,5986703.2059
07Q1,6953749048,5943578047.3,50475270.584,52463252.921,96954319.973,44850522.411,46479049.389,0.7820045269,31662979.94,218108.49589,12487870.564,14170835.019,2498,2525468.2795,1376095,1647589.6192,13165385.09,5417780,5555502.8411,603714.12329,470827.2137,19573905.392,7615250.6438,8944651.1397,2065882.1945,130920340.27,1015578800.5,436819990,3880074198,482308242.03,142276364.94,109014152.09,6075628.5836
07Q2,7183732936,6139423739.4,53338019.101,53568886.809,101145780.03,48175038.629,47807760.933,0.7787011121,32905399.281,222658.32584,13182796.989,14191446.697,1341,2674385,1334961.7416,1837610.1124,13367661.753,5421412,6088058.382,634523.75281,349510.1573,20082157.169,8096987.4494,10023454.326,2138143,146132914.5,1017763359,472754582,4012106824.5,490691928.42,149272791.66,114215625.91,7308720
07Q3,7580035033,6366032820.7,56566564.711,54575199.917,108111917.13,42741029.272,51545352.417,0.8096934758,33689123,229626,13871939.667,15997469.856,2465,2485277.3611,1348741,2617562.8444,14088962.75,6486057,5944431.6111,788661.96111,538155.01111,20981001.433,8066193.1611,10446291.106,2297106,189119600.52,1065809254,457430765,4141805611.5,511969955.67,151394903.4,121804807.63,10663043
07Q4,7973376539,6739603087.8,57178876.46,60078888.676,110179088.23,32561396.217,53000211.768,0.7863996007,34590593.202,206879,13990953.25,15651093.893,1568,3135701.2684,1374200,2529532.7757,13840418.673,6519215,5980570.75,1285304.4154,428400.68015,22081855.136,7454943.8309,10899297.813,2263434,203441868.5,1041639680,494200422,4428770660.5,574628776.31,141933036.09,137439476.31,20181711.169
08Q1,8274381364,6855788170.6,48524842,54324708,103997550,42687232,55472708,0.8091368435,32675263,177241,12409217,15192148,2268,2846278,1470488,2254903,13513320,6954171,4734248,801365,333547,19090171,5737852,9884047,2191458,202886115,1051128884,545584519,4480522628,575666024.55,146970362,127373039,24523489
08Q2,8171805492,6906132025.5,38179761.567,59863970.067,94703611.689,43613126.733,56523850.122,0.8184588698,30413547.222,158125.06667,11212001.744,14485845.811,1066,2143803.6111,-642440.8,2310591.8111,13417596.422,6219418.9333,3683505.1,657795.76667,205662.38889,14431172.578,4386390.6,8054467,1814436,228204000.33,1095784671.5,550858806,4491793620,541892753.18,138127801.81,126821043.32,28777311.689
08Q3,8769294205,7243948825.8,36593161.37,58055099.26,93705738,44669356.972,57112576.63,0.7884177263,29683098.326,160198,11028515.365,14869044.757,2860,2283838.3315,828678,2022305.9006,14016098.696,5741286,3760629.7182,540145.90608,195266.8011,13676451.597,4169842.4586,7906072.895,1586725.6188,227518401.6,1189749417.5,602969639,4687210454.5,533926578.7,135933577.07,127345776.7,32697516.066
08Q4,8990301256,7423791721.5,33462362.846,78595481.593,98084314.828,32824608.029,64621951.982,0.8704709723,31722476.89,142104.80586,10439992.81,16001696.681,1595,2337769.5275,895835.66667,3026461.8278,15750581.029,5873692.3333,2155912.1319,879900.12454,176014.96337,14659671.066,2179176.2637,8652390.8864,2050582.3333,474371297.69,1214936053,586620373.5,4690440966.5,481678338.78,129217310.5,160720805.37,48662960.934
09Q1,8710866124,7550181162,20474884.088,71964223.978,83637503.471,54057501.022,63162619.384,0.8365709117,27052072.619,121191,8838253.3425,15151542.638,3696,1509918,1423387,1488351.5918,15373636.57,4081364,1038339.6877,612457.02192,76445.624658,9836014.6356,914009,5349868.8274,1464480,605506576,1317715924,603212625.5,4598805685,427215623.48,138914465.12,135462672.7,43023564.638
09Q2,8612379511,7612812065.6,19443459.91,71839210.258,83341973.112,52810671.371,63898513.202,0.8393549276,28694894.528,125976,8817375.0899,14082024.101,3676,1564105.7416,1335772.3933,1128210,15998018.348,4010200,738486,479293.91011,116078.24719,9104102.5281,675365.85393,5526107.7753,1409517.5056,640741416.5,1409591205.5,551885930.5,4595743067.5,419722795.64,136387587.03,138855006.01,47572335.843
09Q3,8587434546,7425336332.5,16725687.25,59872362.75,79621470,45509375,62895782.75,0.8470428804,26624062.75,143629.75,8042854.25,13833623,2478,1579189.75,1227701,882889.5,15838492.25,3852863,707343.5,558171.25,115307.5,7877392.5,649557.75,4702067,1193930.5,616001083.26,1456758985,458812960.5,4450806312.5,447205029.78,121642373.75,119106444.25,42508394.25
09Q4,8580300980,7515035179.3,15419718.588,66266701.849,83614986.724,46330776.919,68195268.136,0.9074510832,30192866.162,134882,7923641.5074,14646436.228,3712,1569491.4118,1268460.6397,950489.09926,15859159.798,3600449.6618,759466.96324,432550.25368,137639.09559,7474307.0221,421041.08824,5004750.3824,1135069,716042190.87,1535760815,409161182,4395217879.5,463719258.42,130736972.53,122281298.51,40594878.074
10Q1,8823585967,7734828540.7,14703328,63352068,87338810,46733248,72635482,0.9390703571,25783260,122110,7619313,24492417,3295,1378921,1291083,845460,15166354,3013648,818431,411365,109692,5931959,354218,5437151,937674,662275345,1567902941,374090488,4698594928,431964838.71,135054891,116370605,38315209
10Q2,8712557643,7620157080.8,13843692.865,64087328.584,83824406.36,45089620.663,69980713.494,0.9183631355,25942400.809,120879.34831,7755669.8652,21503949.303,3361,1661046.2472,1254481.2697,859739.13483,14319072.775,2903647.3596,861664.95506,458667.29213,94808.146067,5372252.8427,368732.93258,5104542.9438,885049,691615227.43,1594478090,379413470,4540827473,416226369.36,130657939.38,105094687.31,27163665.865
10Q3,8863983770,7525639612.2,13060406,63328350,82240339,41962209,69179933,0.9192565226,25352501,123363,7677182,21012047,3442,1565808,1145634,879652,13624683,3080684,1027888,497537,80472,5041182,236228,4640445,1009696,588614526,1632387349,393911292,4467863672,442862773.22,126318300,99447433,23058677
10Q4,8816518904,7684115984.1,13526497.456,68239106.735,81209329.103,44774740.971,67682831.647,0.8808148105,24861259.735,119746,7657372.6765,20186795.441,2373,1493248,1180822,890064.55882,13605413.779,3149367,1183071.4559,427988.45588,87624.926471,4632538.4118,971607,4582278.1176,878764,577064562,1692890769,421866846.5,4495380832,497813426.57,127858652.54,101581255.22,19815651.029
11Q1,8906798603,7643402156.9,12242633.159,67581589.819,79696919.616,44723693.241,67454286.458,0.8825165165,24097247.216,116146.0274,7701383.5973,19710165.173,2223,1421143,1260367,1002157.9123,13320182.912,3116906,1129306,499163.77808,81432.745205,4216317.5945,570576.75068,4125802.0685,878514,629259598,1675692790,395040662.5,4447020670.5,501502786.93,123864168.08,93085916.622,13261693.644
11Q2,9106463128,7737908258.5,12601657.449,70107408.079,80228778.483,45335594.022,67627121.034,0.8739716054,23015049.326,110018.65169,7595483.2584,20729857.708,1234,1440325.8315,1097018,1143085.6629,13217854.461,3464607,1165944.0562,494999.52809,86395.719101,4191735.3708,613482.44944,4095196.9101,807160,682087339,1705088853.5,397161707,4459864635.5,494780756.96,125638595.9,95147538.528,12438473
11Q3,9292463540,7845211465.2,10911001.889,66752576.25,76450700.389,45753116.361,65539698.5,0.8354102218,23508380.333,124385.02778,7771639.1389,18282928.028,1337,1424184.4444,1083261.6389,1183286.4444,11466976.306,3202690.3889,1301853.0278,505560.61111,77067.111111,3518887.6667,339286.25,3521709.0556,781042.25,785415853.66,1717867528,426094906,4486417696,430818571.54,124588908.75,89789342.944,12125764.806
11Q4,9330772290,7950842564.4,10067567,69917791,77272884,40660547,67205317,0.8452603162,23063179,137549,7950057,18846869,217,1619327,1028746,1147858,12124748,2910865,1282407,591999,69701,3499143,324792,3244790,773897,703397531,1793013658,455991296,4566003570,432436509.45,119547208,92291879,12306521
12Q1,9350035272,8020593398.3,9833216.1178,72447771.611,77121958.151,46712553.674,67288742.033,0.8389496723,22969547.581,104715.94521,7992424.2055,18407565.027,1216,1609168.7123,1099514.4685,977485.36986,12854232.729,2812802,1312570.5616,574927.55068,74707.712329,3350058.3644,323651.40274,3196910.5562,826872.10685,704461494,1837080168.5,435895271,4600119473,452130582.82,126042839.65,92227843.912,9946856.1836
12Q2,9445452845,8042296720.1,9475074,68746195,75286268,45065074,65811194,0.8183134282,22773971,80064,8327841,18241337,1262,1690914,926699,951594,11705830,2724161,1170300,562918,80880,3265879,333153,2993218,771461,719803826,1854204696,410108491,4625993464,432186243.12,122096026,87801499,9580230
12Q3,9574547071,8163963651.5,8970370.5249,69012495.387,74913189.331,46723490.022,65942818.807,0.8077304312,22329410.155,103745,8219898.2099,19127675.724,259,1737025,890094,898094.13812,11169267.232,2558880,1090479,548903.87293,85963.629834,3218881.0939,330980,2726889,722194.8011,760871701.5,1889366105,415365167,4665190663.5,435074214.47,123558597.35,87906030.331,9923164.4199
12Q4,9819621183,8365370441.4,8715074.2308,71916902.692,74772613.308,46818680.846,66057539.077,0.7896546787,22321174.769,95015.923077,8158196.0769,18816027.462,1178,1864900.3846,845907,939514.61538,11161133.385,2819815,1058004,563338.69231,124784.76923,3158383.3077,325701.46154,2597852.6923,694647,795517431.5,1935312989,433171463,4734974412,467043176.87,122302219.15,90704134.231,10072157.308
13Q1,9797175590,8407965427.1,8135732,67744985,73400271,50672680,65264539,0.7762227327,21618089,95934,7932108,18520783,1143,1774551,899945,893181,11415167,2932293,982619,458384,117955,2841096,352132,2444966,736560,785720707,1938021794,416664754,4759286246,508271926.05,125541544,83391729,7511012
