date,total_assets_top25,interest_earning_assets_top25,total_interest_expense_top25,total_interest_inc_top25,net_interest_income_top25,nim_top25,loans_real_estate_top25,loans_agr_top25,loans_ci_top25,loans_consumer_top25,loans_foreign_top25,loans_other_dom_top25,lease_financing_top25,inc_depository_inst_top25,inc_on_securities_top25,inc_trading_assets_top25,inc_fedfunds_top25,other_interest_inc_top25,expense_trans_accnts_top25,expense_nontrans_accnts_top25,expense_fedfunds_top25,expense_trade_liab_top25,expense_sub_debt_top25,assets_depository_inst_top25,assets_securities_notrade_top25,assets_fedfunds_top25,assets_all_loans_top25,assets_trading_accnts_top25,income_gross_top25,expense_total_top25,provisions_for_loss_top25,income_fin_statement_top25,flo9997
85Q1,1018814108,860435601,17413260.148,24936277.038,7523016.8904,0.8743265483,3133116.6795,149995.62543,4948024.3466,2688359.9719,73813.628983,1431027.8983,319532.46027,1932887.0959,1629961.8247,722395,779720.50685,,,,2224190.9726,1523589.4795,169252.58082,75482327.5,66781932.5,36774890,653545596.5,28087459,27959381.57,25715663.542,1436859.4877,,
85Q2,1040911626,877252930,17194727,24959648,7764921,0.8851405033,3168253.6637,146468.86156,4812359.6438,2794507.1367,61256.129738,1435289.5645,312894,1971669,1667557,698744,810537,,,,2088574,1578064,185873,79657577,68877728.5,41189320,660786306,26743517,28595437,27010307,2266956,,
85Q3,1061843678,886633168,16856572,24538508,7681936,0.866416493,3211370.7358,137735.60536,4477585.7068,3068361.5959,56982.42512,1454711.931,291766,1822082,1661238,747285,872105,,,,2127597,1973615,200533,78449833,70560547,44600714,664595576,28426498,28675546,26478131,2124550,,
85Q4,1088254807,907720902.5,16641457.548,24996631.772,8355174.2243,0.920456299,3438757.3184,113621.76133,4537280.4759,3247748.6981,43034.327059,1457571.1913,360511,1702282.7757,1653961.7978,836472,994960.42647,,,,2343325.3493,1779895,199783.00368,76587212,73206563.5,48939613,676781320,32804541,29152192.438,27348866.074,2508693.8529,,
86Q1,1094924219,931550990,16716801.26,24887338.655,8170537.3945,0.8770896582,3305156.6057,97333.355342,4351322.4856,3293673.3107,54447.061877,1583758.4356,357672.8411,1667297.2795,1908106.463,873824,978262.81644,,,,2299539.9945,1977974.0877,220059.00548,76002489,83849755,53330823.5,679963526.5,38470105.5,29293116.605,26919866.2,2234609.0164,,
86Q2,1116364504,949414858.5,15269317.865,23607814.135,8338496.2697,0.8782774142,3434837.6584,91582.529305,4134930.2105,3269839.259,48746.817462,1534221.3568,337821.38202,1591914.3146,2006739,686747.69663,874542.74157,,,,2237877.1236,1359222.2247,214444.5618,76254587,90919482.5,51487233.5,696403887,34971656,28150957.64,26757544.371,3016357.9438,,
86Q3,1120513350,959688355,14288892.733,22622797.228,8333904.4944,0.8683969594,3381587.5176,87044.23686,3880987.5635,3281653.8597,48722.222511,1406935.1277,339806.2,1468375.85,2044253.9278,693145.26667,783341.06667,,,,2034828.7333,1308483.3778,212554,76444420.5,100025975.5,52022576,691652528.5,39811154.5,27774941.139,25211814.928,2328458.3944,,
86Q4,1175515241,985166392,14201935.25,22789971.349,8588036.0993,0.871734579,3572404.4506,101413.40936,3852644.4836,3317139.5425,62670.102012,1413071.1259,294829.27206,1428667.4265,2273839.625,754406,789639.91176,,,,2105687.2831,1489675.2279,277091.88971,76135843.5,111659717,50693538,708488764.5,38441224,28228296.368,26422042.846,2697242.3419,,
87Q1,1177895658,1028865065,15150107.836,23526147.384,8376039.5479,0.8141047678,3507256.7801,70717.352775,4008301.0919,3317567.6438,46798.61184,1461760.0154,428102.00274,1532246.737,2397396.5507,1000752,826879.59726,,411068,5124273,2063036.8274,2120162.611,242017.6,82056781,115925657.5,53715391,738162159,39659918,28493552.359,26122106.748,1968157.3973,,
87Q2,1207738696,1074173667.5,16676250.539,25464048.326,8787797.7865,0.8180984186,3891199.1875,82787.672985,4379994.8361,3374310.6785,48933.289231,1527794.4368,526849.37079,1720738.5281,2488493.3708,960593.24719,934075.07865,,462230.4382,5408355.4045,2118605.0112,2606586.8539,292654.7191,90568290.5,118867991.5,59887144,769601180,36105663,30740946.18,42972267.449,16466920.146,,
87Q3,1233306719,1079860574.5,16680449.25,25751629.522,9071180.2722,0.8400325455,4105476.7315,100738.08182,4387405.2556,3594572.8241,45598.129754,1603288.0771,431433.06667,1743612.8833,2513576.1167,848959,1095400.3556,,473745.67778,5661038.4778,2211218,2323427.15,280268,90551153,120573274.5,65448832,769571785.5,34031857,31522717.844,28303698.467,1523602.5833,,
87Q4,1230097438,1104927125,17615545.371,27198769.118,9583223.7463,0.8673172673,4488759.6953,90915.750642,4611120.7409,3755003.281,48205.764693,1579874.2527,489640,1998595.7757,2603246.5184,871542,1095366.5882,,498629.54044,5987625.4228,2174818.5735,2585674.6728,212696,97341802,125745381,64697212.5,787102462.5,30570119.5,34198375.327,32262358.493,3867782.7721,,
88Q1,1262460674,1117506090.5,17700540.94,27187675.211,9487134.2712,0.8489559343,4661732.1052,88511.567141,4524675.6845,3815519.6293,28294.537854,1496127.3364,529380,1779003.6466,2862689.1315,991671.2137,1140784.3589,,539732.53151,6237751.9973,2349797.1918,2673010.7479,260146,86556296.5,137234815,68027058,794070108,31979223,33397828.592,31111809.214,2784764.7863,,
88Q2,1257323351,1122666823,18196706.556,27745681.233,9548974.6778,0.850561759,4784906.996,88095.204449,4608679.7642,3788541.0572,32309.165751,1520211.8791,503301.84444,1682452.5778,2857530.3889,1131031.0444,1211627.3111,,552501.14444,6217088.7444,2465109.8111,2915797.4333,246134.81111,82988825.5,136147414.5,68286488.5,803852840,34450392,33825381.022,30773064.578,1985443.8222,,
88Q3,1288501487,1135644484.5,20048789.221,29835028.884,9786239.663,0.8617344421,5264431.3907,103539.29529,5037952.597,4012593.9061,26429.925753,1640322.8355,554885.14917,1970550.5193,2922670.232,1252576.7072,1304689.0387,,589056.33149,6785287.1768,2725364.895,3250281.1878,273345.28177,84690544.5,137482103.5,65974995,819612877,32338322,36218527.16,32719169.133,1889864.1492,,
88Q4,1313120357,1173848334,21982195.813,34541221.663,12559025.85,1.0699019188,5708833.7158,101949.02574,5486251.6479,4315771.2201,93344.26352,1728470.0904,615716.38462,2360629.5714,3136451.6044,1173883,1413320.1392,,621746.81319,8120040.5018,2959253.8352,3700375.381,278593,83204002,143912559,67189022.5,843227713.5,37133450,40796789.52,36133983.927,2385409.8535,,
89Q1,1347802530,1175089003.5,22685613.586,33346625.173,10661011.586,0.9072514128,6057272.8006,108702.80929,5725728.4291,4456570.3442,29392.092345,1713822.7874,515601,2088040.2932,3237489.6877,837447,1636836.9288,,610969.82466,8348493.5753,3284061.0137,3616473.3096,295197.86301,79749855.5,146338080.5,67766624.5,849342469.5,32325696.5,40042172.025,35391633.271,1583397.4247,,
89Q2,1366130345,1185683542,24831413.348,35524733.315,10693319.966,0.9018696463,6666723.7321,111273.68546,6129337.4599,4557279.2139,29860.003792,1730916.8374,568004,2517892,3289913.4944,892086,1462050.8876,,617897.93258,9156163.9438,3415962,3898583,306188,78961405.5,148190714,62488955,864053562.5,32052070.5,42833483.573,38183603.281,1698395.5506,,
89Q3,1372459446,1208760475.5,25556951.189,36052503.539,10495552.35,0.8682904978,6838253.9655,111196.91542,5977481.689,4679751.2889,26490.386583,1821259.5935,706637,2262239.55,3531993.1278,1061135,1316056.0222,,620809.72778,9259515.7778,3380113.5667,4709899.1,318745.53889,79392910.5,155128865,55286950.5,887006416,33272158.5,43162636.239,47101428.878,9769702.6,,
89Q4,1389853926,1236276735.5,26325862.809,36928054.982,10602192.173,0.8575905271,6958605.6203,102242.34616,5688666.3784,4948124.2933,15088.672699,1662948.8767,814247.05147,2233744.0221,3661075.9191,1144641.9044,1319763.8971,,623583.20221,9431671.0331,3447312.3566,4970803.7022,310385.20588,78730573.5,159487659.5,60276793.5,899541357.5,39433255,44958238.147,44928580.268,6085863.3419,,
90Q1,1419023184,1257753436.5,26727361.17,37473551.203,10746190.033,0.854395601,6831372.7789,99698.458971,5524526.6294,4899834.1647,20245.888745,1664830.6683,903086.88219,2371404.4274,3801668.7616,1196152.537,1235712.0055,,643820.72329,9157345.7836,3145207.6055,5670469.0356,333322.83562,80216996.5,162589056.5,59573986.5,913976226,42655873,45279745.047,41626333.268,2776981.1397,,
90Q2,1435553629,1263887528,23721656.955,34443024.674,10721367.719,0.8482849527,6985092.5024,100875.59534,5546308.9369,4874497.2075,24139.482945,1555661.9041,639527.83146,1973360.1236,3818339,1093989.7753,1339935.3146,,654383.59551,9342762.7303,2974784.2135,3112133.3371,331944,75194295,169220628,64147284,923737138,40083696.5,42056428.809,38808301.73,2582319.2809,,
90Q3,1460727658,1298313073.5,24236546.244,35557569.883,11321023.639,0.871979484,7304179.8688,109934.52547,5626780.3093,5084956.9629,23031.886121,1575580.053,618084.95556,1796388.6222,3976918.1111,1217731,1371762.5889,,672690.51667,9615425.3333,3111572.2278,2958706.0222,326308,70210358,178881139.5,66128715.5,938205124,46780357.5,43227056.372,40723121.606,3597379.4167,,
90Q4,1434783059,1289268889.5,24196259.224,35842241.915,11645982.691,0.903301304,7314442.0086,108700.22816,5537196.6325,5178594.5098,22068.915666,1730630.1098,749466,1684201.1691,3966953.4706,1153247,1258625.8713,,655842.97794,9727623.875,2876054.1875,3281324.0294,330482.15441,60086008,176334460,63299343.5,946472066.5,46595270.5,43832466.283,42715842.471,4788526.2426,,
91Q1,1417705241,1279790662,21017283.422,32800869.482,11783586.06,0.9207432442,7096400.9915,111266.55848,4858983.8461,5231736.5126,17691.420117,1341661.3891,656604.32055,1284708.9781,4016717.7068,928553.32603,1016772.4329,,686247.19452,9165981.7534,2208399.7041,2512546.9562,447292,53040448.5,178410446,63185439,944467812.5,42562561,41039623.748,37562065.137,3405428.2767,,
91Q2,1453065533,1290265755,19233917.056,31250567.562,12016650.506,0.9313314299,7145276.638,104247.99159,4593827.7064,5120848.6002,13111.043783,1264072.8178,608328.39326,1161444.4494,3965437.1124,926008.92135,974534.88764,,715963.08989,8874722.7753,1977429.5618,2050477.3146,392201.57303,49386650.5,183085240.5,66620447.5,945876214,46514799.5,39586912.247,36671792.315,3857979.6292,,
91Q3,1496944144,1297463733.5,18797945.911,31292500.206,12494554.294,0.9629983461,7153456.2099,109841.84633,4348260.1687,5005942.2943,13323.865487,1269212.1542,677115.59444,1254781.8444,3962409.6167,1036420.9167,1042098.5333,,730433.65556,8535327.6556,1897418.2333,2162745.4278,399584.25556,53613122,186476675,68206863,940062594.5,52998519,39927536.872,38212122.511,4801701.25,,
91Q4,1530466411,1370185304.5,19006480.092,32196138.449,13189658.357,0.9626185826,7066841.2402,102515.8292,4239281.2144,5059620.3769,14786.864079,1169082.9826,737672.54044,1450406.2206,4285144.6103,1167511,960084.56985,,711621.63971,8121707.8824,1777725.2684,2613088.7537,428569.54779,56311893,207776309,77170332.5,965641410.5,65001209,41489226.504,40356818.853,5499444.125,,
92Q1,1541541807,1393223602,16722120.855,30504797.233,13782676.378,0.989265209,6592995.8105,85129.586488,3726234.0031,5062783.1685,13887.006021,1067840.7843,697710,1319752.5507,4276599.6603,1091005,889920.66301,,541788.9863,6822189.7315,1501015.589,2435444.4274,357834,56571126.5,220387139,87613328,963715930,67440904.5,40163240.978,35735835.975,4291847.6932,,
92Q2,1575015956,1399844090,15785913.667,29676511.778,13890598.111,0.9922960857,6369952.275,83043.263741,3599829.4844,4720291.0067,13629.054219,992343.92705,656539.01111,1328527.5667,4357039.9222,1203261.1444,814384.65556,,499905.81111,6094091.2,1415004.9556,2576514,344392.76667,65818743,226891615.5,80656253.5,959897168.5,72774002,39331294.633,34684817.756,3469949.3667,,
92Q3,1594278271,1406302176,14943111.37,29550821.729,14607710.359,1.0387319744,6147971.1329,78765.472979,3567694.8418,4807762.0561,11003.777933,951201.97785,677865,1235840,4423020.5635,1243591,640196.90608,,444867.69613,5510764.6409,1213885.1215,2423884.116,418530,52223037,237276258.5,75989727.5,967308645.5,73935252,39907736.785,34401292.166,3715188.2983,,
92Q4,1604945125,1433993554.5,14322484.656,29498381.853,15175897.198,1.0582960537,6098109.521,80069.2697,3348201.8333,4724509.1649,33716.158679,903597.38577,634982.68132,1305538.2198,4644571.0147,1370134,589031.6044,,452112.74725,4820749.1429,1239419.7949,2847259.8828,393310.69231,61313996,257058294.5,73331639,962621210.5,81191807.5,39252248.399,33737654.033,3210706.3407,,
93Q1,1652362581,1462252933,14075285.852,29595399.992,15520114.14,1.0613836902,6398552.5557,87062.11512,3459263.1142,4879195.0117,17671.70578,797572.19346,593764.08767,1031810.9151,4469400.2301,1436223.6411,574072.54521,,452930.03288,4793525.3507,1179343.6712,2852202.189,393999.48493,49804753,266691460,74091893,988008720,84598784,40748531,34490588.247,2748182.7781,,
93Q2,1694072518,1501127376,13842142.011,29166384.213,15324242.202,1.0208488931,6214081.1428,90078.297531,3484378.7603,4821288.156,19143.135723,789905.91214,588443.02247,1185568.3596,4438799.1798,1398506,592812.24719,,437113.70787,4540378.9888,1169063.4607,2898217.8539,404895,51675728.5,275124533,77769336,1003089580,93772113.5,40630758.404,33094078.09,2425463.2472,,
93Q3,1731057829,1530583374,14776784.167,30434752.233,15657968.067,1.0230065433,6449322.3266,98373.405131,3473834.0857,4881589.7304,11880.086771,802165.60995,568177,1211772.2222,4579668.9333,1635250,645338.83333,,438412.77778,4454601.5333,1261782.7667,3567276.0889,435953,53149392.5,279083703.5,83919918.5,1010857556,104096243.5,42365918.811,33862283.744,2082087.7778,,
93Q4,1782839511,1568275260.5,14918303.077,30524405.368,15606102.29,0.9951124451,6332443.6283,93778.222844,3354775.9165,4880600.3935,18610.845175,838929.22526,544385.16912,999442.97794,4362767.0257,1725845,591082.96324,,410206.18015,4093215.2243,1204229.3676,3655617.3456,428077,49342967,285217833.5,79925638,1044638140,110007938,42179218.985,34006720.717,1721089.9779,,
94Q1,1933281233,1596445592.5,14058030.57,30298546.323,16240515.753,1.0172921539,6640102.1899,95657.317561,3599907.911,5067710.4588,13896.153642,907123.5143,539568.42192,854982.42466,4319685.2521,1871806,611506.67945,,403107.01644,4168052.6986,1297633.5014,3593636.1342,436768.6137,51845458,295343943.5,77846851.5,1076654670.5,96630554.971,41606897.564,32913409.504,1415658.9808,,
94Q2,1961978031,1603755869.3,15601281.348,32414423,16813141.652,1.0483604128,6917760.6692,113417.06261,3967055.6465,5048075.9452,18183.949982,935930.06355,548580.01124,896282.82022,4669140.8315,1725064.7528,746186.24719,,399890.31461,4356988.3483,1612732.4045,4144119.4157,470447,49795060.5,311936610,74330412.5,1089237547,80720966.285,43342411.371,34690682.573,1293649.1685,,
94Q3,1994999839,1661264249.3,13969714.678,31056750.333,17087035.656,1.0285561531,7242959.4579,122297.72842,4126247.2697,5497332.1085,14423.88298,875659.46353,466329,686213.15556,4705445.6778,1599565,924140.58889,,424716.97778,4686243.5667,1876539.6556,2440563.0333,480477.44444,52905040.5,309571983,77164696,1130226045.5,93073497.256,42408472.389,33151144.011,1136245.2778,,
94Q4,2038028156,1705558365.7,16286116.397,33657034.607,17370918.21,1.0184886404,7716958.9652,131861.98284,4760389.4306,5842240.3518,19119.669895,1083575.5996,532960,885888.28309,4660216.9118,1818272,1216547.4118,,455047.84559,5233336.7757,2243178.1801,2988241.3824,546118,53721839.5,298172084,86852059,1171553426,96420276.189,44787064.033,37471161.246,1329703,,
95Q1,2129801732,1732808705.6,18387223.688,35780473.351,17393249.663,1.0037605194,8177184.1789,142418.89985,5212420.0368,6117925.2517,13404.439317,1371884.7742,541932.07123,1008328.2493,4714651.0575,1863149,1293333.3918,,480022.66849,5768759.4849,2482309.0795,3500207.4411,616203.23836,57683026.5,291362393,95477244.5,1212137343.5,77232825.588,46974056.537,38504476.614,1194564.6822,,
95Q2,2130564115,1784381436.4,19537933.36,37307531.517,17769598.157,0.995840788,8507671.0284,143489.69493,5541416.2192,6442313.1633,15911.090125,1471920.0738,535653.1236,1040423.8876,4639301.4157,1951227,1414272.8202,,449383.07865,6338217.5169,2733723.427,3695100.3371,644883,55695093.5,280039156.5,98681585,1252686048.5,97864926.429,49240248.584,39813385.371,1206799.1573,,
95Q3,2159587704,1803042600.7,19768983.372,37890918.189,18121934.817,1.0050752439,8762041.1076,154610.1302,5496492.2406,6768878.1281,18588.925788,1570677.8733,569853.66667,953899.11111,4631212.8222,2017860,1255192.1833,,392904.42222,6648881.75,2652531.0667,3865278.2833,636755.65,54528615.5,278494407.5,88465234.5,1276307279,106991358.23,50790366.711,40109833.383,1605138.8222,,
95Q4,2276681198,1916939924.3,20818765.64,39875583.96,19056818.32,0.99412705,9480272.1665,151867.33258,6038501.563,6842909.7541,15295.921754,1624623.2362,679065.1875,959444.98162,4947389.7316,1979616.0662,1329958.1213,,387967.58456,7134249.8529,2796693.2426,4144189.9375,687035.68015,53871774,294118169,97889193.5,1360817523,111610052.82,52865947.772,43604190.007,1762273.3088,,
96Q1,2350564391,2014859581.3,21020926.726,41060428.436,20039501.71,0.9945855233,9650623.6456,158906.58891,6128176.7909,7048332.436,15064.97145,1683340.2521,719255.0411,947608.95342,5158489.3315,2079786.9068,1424959.5178,,314141.28219,7363339.8,2709723.2247,4191095.9233,684395,55111023,309567989,110975231,1424898323.5,114991952.26,54998507.258,45898180.34,1856882.2986,,
96Q2,2492264833,2120199737.5,20753266.278,41516103.7,20762837.422,0.9792868594,9828918.9805,156019.19703,6377735.1158,7066171.4554,12601.824962,1761819.2041,813293,986825.98889,5172607.3889,1793704.3333,1471956.8778,,263366.58889,7538235.4444,2716661.0444,3995051.3333,728012.53333,63588112,319963784,115206727.5,1506129406,118145961.03,56901179.178,45206373.4,2395693.3667,,
96Q3,2522597040,2101597823,20995612.105,42308089.392,21312477.287,1.0141082682,10019830.817,161821.00891,6510661.1988,7465104.8704,14036.139244,1660586.5956,852177.27624,936836.72928,5118797.1215,2082126,1330002.6354,,236604.61878,7829466.0497,2576767,4093025.4365,804144,58771563,305910869,105396408,1512625925,119292491.48,56646041.912,45440338.287,1979750.011,,
96Q4,2583005774,2154432554.4,21857157.366,43280868.377,21423711.011,0.9944015637,10249418.511,154540.01262,6638949.4037,7116421.6051,13349.743408,1709613.0829,987905.65934,1010947.641,5147924.0037,2319256,1415064.7143,,192118.49817,8095197.0879,2695860.2234,4455592.1062,810675.71062,59829544,304341654,106531495.5,1556847814,127441351.41,59034089.48,47138716.56,2087387.9963,,
97Q1,2640370544,2231950351.3,22013235.455,43931516.392,21918280.937,0.9820236783,10263693.394,180317.28131,6906183.6161,7389459.8899,10722.202447,1780060.389,1107601.9589,972199.47671,5137904.5205,2305539.7205,2497516.9425,,183871.05753,8277699.4055,3473235.0822,3659443.1534,838426,66880699,305601724.5,174167901.5,1545859615,139892637.77,59639409.027,47053470.405,2287169.1534,,
97Q2,2716538358,2284686208,22979390.506,45347715.966,22368325.461,0.979054602,10561702.047,203842.04856,7145248.8358,7641482.6802,11736.324974,1894052.3443,1157562.0562,1073904.0225,5323870.9101,2428317.0787,2390854.618,,175466.86517,8544441.3483,3357860.2584,4157465.2472,813329,67259337.5,313436315,173391436.5,1584178290.5,147135645.53,61587724.843,48901982.989,2473369.9888,,
97Q3,2791402093,2336807498.1,23676116,46242575,22566459,0.9656961054,10747818.217,132722.08301,7537037.3606,7725847.8376,14128.402935,1826824.0991,1332233,1186130,5220867,2429327,2403324,,168915,9089070,3408297,4054526,908826,71904549,312234726,185120959,1613650640,153896624.05,63726441,51527935,2562732,,
97Q4,2892473867,2408480516.4,25279029.327,47969671.673,22690642.346,0.9421144241,11105478.715,213269.05049,7278909.6014,7237846.9625,13473.951444,1911246.5357,1449974.4706,1656791.5551,5700307.0551,2631737,2847810.7757,,167620.40809,9258084.7831,4031551.0735,4327290.0625,916856,97851904.5,339827870,209257085.5,1623921700.5,139331679.89,65766532.478,53436939.768,2905417.6103,,
98Q1,2982809599,2502078378.2,25849565.285,48670711.408,22821146.123,0.9120875797,10642422.33,189529.54723,7765921.1484,7157314.3441,18720.991708,2058954.9867,1543691.5205,1583417.3233,6053592.8548,2588023.063,2940727.2986,,184587.69863,9252416.2027,4219210.5014,4388738.8822,1050202,94068184.5,365850374,210440011,1675674131.5,157309788.24,68323947.622,55604201.956,2606228.1699,,
98Q2,3054674991,2556002603.2,26002896.449,49869980.067,23867083.618,0.9337660137,11233321.894,184366.35987,8501877.7717,7305665.3088,17018.867251,2102868.8546,1588579,1066495.0112,6227393,2683731,2583434,,187513,9344836.4831,3915124,4844643.9663,957435,78194563,380278403.5,207545483,1741514834,152910264.21,70306242.449,55904316.551,2689750.618,,
98Q3,3130747467,2595151423,27325867.428,51874577.822,24548710.394,0.9459452029,11196763.627,220295.64667,8753950.1018,7587547.3893,14168.909895,2382666.8529,1681053.3389,1344198.8667,6336015.2222,2872469,2832656.8667,,170666.16111,9575588.8889,4124877.6222,5002508.7556,1055073,75774485.5,385257551.5,205690704,1792856712,135626832.03,71023876.917,59469297.85,4112018.9667,,
98Q4,3309765113,2767067780.1,26675198.739,52166220.199,25491021.46,0.921228661,11346372.741,216070.079,9435602.8105,7949283.2104,24301.400692,1800062.6811,1755052.2757,1320649.5846,7063461.1985,1723883,2747963.2169,,158876.18015,10000069.772,4132348.6838,4401502.1029,1081616,85586008,427249300.5,223136519.5,1902745212.5,128368663.58,76352371.169,64190625.761,2931330.7463,,
99Q1,3266293144,2777379024.9,25660514.142,51721098.762,26060584.619,0.9383157425,11573554.189,187858.32191,8976448.0414,7616380.3521,25153.732845,2220556.3677,2058812.9863,1291734.2164,7042737.0959,1857249,2521870.4575,,148302.30411,9268984.011,3799290.389,4791708.4384,1041016,82138400,430920082.5,212052141,1934152976,119442709.42,75942220.493,59243998.934,3266773.7425,,
99Q2,3274855609,2773935968.3,24716648.472,50380896.573,25664248.101,0.9251925205,11460667.2,188502.85368,9241418.8696,6349829.1012,20945.483893,2066050.1995,2073946,1348592.9551,7450738.1124,1774740,2496914.7978,,152700.52809,9036070.9438,3737045,4560320,1011550,83626066.5,449671199.5,206240030,1926184352.5,108216913.33,73317525.708,58108346.18,2706044.0674,,
99Q3,3289149139,2775291930.9,25443424.128,51717333.039,26273908.911,0.9467079344,13153503.734,189399.10149,8908621.6645,8104539.4312,27536.674068,2207717.8888,1602492.3167,1025309.7833,7602246.8389,1513584,1953361.6056,,138555.15,9443233.4111,3654427.1833,5076720.3833,1085121,75418895.5,474937305.5,180219697.5,1953343201,91800678.883,76390492.183,57903275.828,2799640.4778,,
99Q4,3522214005,2937243264.6,30141721.272,57726473.632,27584752.36,0.9391374795,15922222.198,199804.68401,10704609.041,6490329.6913,15632.142874,2551382.5587,2026983.886,1324717.3493,8642217.9779,1742779.3272,2263930.8272,,164865.02574,10642350.404,4369107.0735,6885923.8897,1153092.1912,88608049.5,525581795.5,183659397,2036339921,104599055.58,84396205.577,67787890.625,3193220.0772,,
00Q1,3566047726,3001504748.5,30319025.233,57479350.767,27160325.534,0.904890307,15053516.856,196280.10786,11618326.803,6645568.6728,26948.458992,2570647.487,1841616.3726,1180587.0658,8696770.0548,1843667,2307123.8877,,179697.19452,11047882.025,4436548.7096,6045973.3041,1151677,75936572,537474666.5,183237512.5,2093366382.5,112018507.51,82979371.863,64312998.178,3216688.4849,,
00Q2,3639471690,3078459250.8,33163435.667,60633458.956,27470023.289,0.8923302552,16158473.88,205344.52102,12374997.275,6766921.2643,27843.429691,2442546.0184,2232866.8778,1381852.2556,8714138.2111,2110418,2569515.2222,,184641.48889,11870393.389,4865273.1556,6618484.6333,1256334,87110776.5,526828310,187960374,2145537845,131770976.83,82396766.611,70549822.778,4299798.2222,,
00Q3,3666409807,3099833295.7,35182585.337,62785545.354,27602960.017,0.8904659504,16809311.491,221205.02752,12738522.031,7303789.5065,28466.826874,3251798.3493,2198392.4033,1162699.0608,8528924.4972,2264929,2458369.1602,,194877.72376,12574068.867,4904451.3757,7241765.3702,1340025,79043568.5,511146727.5,180218376.5,2194092163,135447652.66,86910926.552,69846725.602,3400461.6133,,
00Q4,3827662984,3187775968.3,36648015.172,64989125.758,28341110.586,0.8890559082,16769888.456,251425.01953,13333430.822,8325116.8547,42459.904023,3165166.3573,2284444.5531,1495237.5751,8421822.9597,2332733,2580227.2564,,195373.90476,13788772.168,5108015.2894,6941029.5311,1428230.2784,82068243.5,520993887,188391585.5,2261698377.5,134650234.28,91235270.476,75526596.128,6057351.1209,,
01Q1,3959024789,3328959663.1,35603585.26,64752710.534,29149125.274,0.8756226637,17261401.045,228118.84173,12587051.654,7782769.8822,34822.031895,2797932.6822,2359242,1570185.4904,8781062.5233,2338258,3022515.3836,178323,217083.02192,13818118.271,4769689.4411,7084390.8685,1365303.6575,105537685,531357846,223103110,2324810276.5,144631377.06,92192204.512,73338877.129,4649700.1726,,
01Q2,4012736236,3396605452.7,31072619.303,61383654.685,30311035.382,0.8923920015,16512579.643,201462.87797,11956459.006,7367176.8559,30947.024177,2613746.5711,2286933,1385433.5955,8534098.5056,2272782,2751527.3371,226283.26966,253473.8764,12595897.09,4140423.6404,5949355.6966,1245083,111224292,541604290.5,246001913.5,2352570774,145747545.68,87027369.045,69132412,5086757.1798,,
01Q3,4218997743,3469197575.4,28207133.867,59253483.189,31046349.322,0.8949144189,16053571.776,212531.17407,10986278.518,7289368.9557,52709.021316,2285282.9216,2221820.15,1338523.5833,8640376.0056,2286264.5111,2479679.1611,200920.3,257837.33889,11613333.417,3683648.4944,5263081.95,1218157.1222,126136249.37,564726582,270578574,2367480603,146915272.52,85433042.139,70079871.694,7452691.5667,,
01Q4,4154589023,3522171816.3,20087008.478,54705354.537,34618346.059,0.9828693166,15916734.214,157746.03971,9542874.0426,7833033.1072,26121.02769,1878612.9333,2263232.9449,-18877.48897,8353230.0809,2096667,1363365.1103,144684.52574,166901.4375,9544276.5515,2309696.3235,4346256.2353,1059941.9301,103180444.67,587825896,263472797.5,2407352678.5,160831091.58,83445757.879,65184743.18,9708115.3309,,
02Q1,4072800623,3515513052.3,17273630.474,50946261.425,33672630.951,0.9578297804,14496907.649,138732.18356,8370711.0849,7348266.3014,27471,1489664.0822,2152673.4384,794008.03288,7944035.8192,1815764,1279762.1452,215126.68767,107706.71781,7638041.1726,1901954.7918,3747189.7918,958305,100410411.32,607817016.5,248217020,2375249908.5,184421519.52,77224234.351,56877525.005,6817231.1534,,
02Q2,4229551024,3498737911.1,19220530.258,52950775.618,33730245.36,0.9640689362,15071556.236,121908.16854,7843193.5955,8025458.8876,29526,1430955.618,2146831,717288.60674,8394927.6629,2194019,1264752.6404,324761.20225,113285.4382,7941688.3708,1948640.4719,4336621.9775,959143,94147332.113,621357210.5,236728088.5,2360594384.5,186798483.99,81892228.416,60317239.708,7277302.3258,,
02Q3,4345063961,3549407895,18537314.706,52489033.628,33951718.922,0.956545991,15078925.594,124589.06667,7804957.0833,8031958.2444,25203,1339812.6667,2066863.8167,656692.78889,8495416.6667,2096152,1182611.4222,317106.27778,104517.68889,7793847.1333,1918915.6167,4062355.2667,955960,95747549.942,641269362,238160307.5,2398268896,176900102.54,82412197.428,61385026.589,8122625.1,,
02Q4,4423201353,3700687130.2,16359866.294,50783771.676,34423905.382,0.9302030723,15202746.176,114648,7390356.6471,8080989.2353,18112,1273531.4118,1952614,681385,7942694.7647,1994844,1144580.0294,239414.41176,110258,6955916.8529,1854167.7353,3648947.7059,969785,106200714.5,683649839.5,249617509.5,2474192111,187548202.22,80546749.294,61870770.147,8523634.5588,,
03Q1,4509555738,3755987737,15120084,49466235,34346151,0.9144372507,15065151,102020,7332443,7583059,14591,1180834,1991598,587946,7620755,2016979,1025565,296540,97067,6336390,1642151,3509510,913254,89119654.5,698614130.5,246453183,2522125103.5,200141188.96,79970266,56267165,6119764,,
03Q2,4719420968,3852900285.9,14709864.753,49242039.292,34532174.539,0.8962644236,15392210.865,98102,7271038.1011,7232755.6854,14568,1384915,1907805,626193.7191,7671930.2809,1855141,903067.67416,264845.96629,97458.247191,6102253.5281,1589765,3445074.9775,902935,95256628.539,738936494.5,259807731,2575196236.5,185709218.84,80999459.596,56976704.135,5729404.5169,,
03Q3,4695794254,3935451067.8,13498721.333,48291828.333,34793107,0.8840945142,15400529.333,93629,7060449.3333,7598948,15735,1235269,1831051,440792.33333,6982696.6667,1692324,1113505.6667,286835,91445,5669575.3333,1309554.6667,3079536.3333,897348,109678706,720119702.5,288613042.5,2639173579,185925260.27,79057439.667,54668182.667,4642329.6667,,
03Q4,4747061867,3936457379.9,12708489.713,48459584.5,35751094.787,0.9082047978,15153931.721,90763.485294,6726993.4559,8219435.5588,15122,1194450.5515,1487735,402044.50735,7374535.2353,1840300,924321.53676,291541.44853,100365.45588,5075053.8529,1123210.3897,3221897.0147,885617,103122462.24,728233431.5,287712856,2614703424,203387187.61,80456208.25,56294478.449,4974521.2647,,
04Q1,4913852495,4097155620.2,13666791,49816532,36149741,0.8823131057,14884009,85022,6673803,8805265,14468,1296257,1405502,591244,8146529,2015613,960227,293392,108725,5353781,1342082,3307418,932645,121527021,800213395,277821977,2654567923.5,245587032.7,82754885,56925585,3988293,,
04Q2,5115899853,4328861679.8,14167550.956,51242103.756,37074552.8,0.8564503914,15527567.356,90063.333333,6591674.7333,8437739.8889,15161,1420409.5333,1522074.0889,615160.8,8778283.6,2128036.8,846414,322805.62222,105613.22222,5309242.3333,1553092.6889,3402711.9778,951808.73333,143356786.48,855652782,279294279.5,2793175733.5,261011821.34,85506883.044,60237173.978,3654811.0444,,
04Q3,5373419477,4529054986.7,16676190.873,55573792.525,38897601.652,0.8588458689,16642141.558,108466.24309,7390303.3591,9628184.5635,20970,1691000.0718,1652800.7127,652389.8232,8809880.7348,2299928,1102797.9448,342927.51381,167453.17127,6140616.2818,1954831.0552,3911629.116,1070621.2486,146975443.26,856216691.5,314228387.5,2949534614.5,266344050.46,87522027.624,62062851.961,4152286.3481,,
04Q4,5532707856,4640221506.1,17731909.835,58212075.007,40480165.172,0.872375707,18421524.538,127596.15385,7608726.6117,9841562.6593,19353,1473957.4286,1571925.5421,778709.84615,8900454.7875,2508886,1149827.0879,403833.35165,248029.8022,7043211.967,1758570.7363,3814121.3004,1318297.0293,139578936.99,843420934.5,304096456.5,3050780552.5,304724136.63,92019226.813,66355462.615,3853061.6154,,
05Q1,5649747983,4755334422.2,22224891.501,61818673.545,39593782.044,0.8326182457,19619127.101,118432.92055,7942526.2493,10065183.063,23372.317808,1621923.9616,1542462.6822,946999.83014,9841563.5288,2889633,1428016.6027,436951.28767,285261.70959,8562613.5644,2699213.9973,4962703.537,1306136.0575,123449980,888976250.5,307734157,3095728378,342515802.23,97178776.129,68838340.885,3596814.8356,,
05Q2,5716746541,4818719707.9,25132094.393,64174138.461,39042044.067,0.8102161245,20625116.652,122611,8361632.5843,10124214.989,26378.134831,1778479.2022,1520574.7978,827715.20225,9864547.7303,3181017,1764750.4045,398872.61798,368426.49438,9774288.2247,3122366.7528,5546185.1011,1419809.7753,98736803.5,899939496.5,337406149,3132985477,350279014.36,99401743.775,73246217.494,3828206.573,,
05Q3,5819510081,4910953679.1,29154798.835,69276282.667,40121483.832,0.81697948,22835888.389,147901.30556,8975941.25,11010531.556,-41580,2124618.9722,1441031.7778,910822.66667,10154906.167,3091761,2219495.5,426033.08333,388490.02778,11219240.056,4070542.3611,6003962.2778,1476938.1124,91756444.5,898525490,336887231,3244689166.5,341380432.62,107644797.33,78852045.973,5567725.6667,,
05Q4,5886076205,5031379258.7,33080216.794,73656301.746,40576084.952,0.8064604727,24619171.551,172363.22794,9738905.3309,11064214.066,2368,2210838.1103,1418612.9412,1184912.1765,10601374.559,3192620,3092405.5478,414504.23529,388722.375,12806083.221,4901088.5441,6404428.3382,1674842,92125039,899357365,369885717.5,3327069931.5,343056304.71,108076232.16,82397922.79,5316818.0882,,
06Q1,6197649406,5229287714.5,37388994.288,79241533.282,41852538.995,0.8003487526,25790512.962,175889,10328487.334,12195908.964,3219,2441033.3945,1459489,1262047.8082,11279731.145,3622710,3478865.5123,465817.16164,328879.96164,14646172.326,5605948,7401890,1734552,100675594.64,940270583.5,380709342,3446785846.5,362926973.35,120575366.68,89065194.384,4028155.6986,,
06Q2,6396271748,5458552291.3,42123227.483,84860015.045,42736787.562,0.78293264,27516288.562,190778.05618,11116060.742,12788783.416,3451,2418347.2584,1516927.2697,1565768.7528,12419789.944,3767000,3587904.2135,511225.83146,378567.95506,16631870.315,6428400.9213,7861402.2921,1868730,123874883.04,1001145409.5,407335432,3532337365.5,393887573.72,126473653.07,93605662.36,4033477.1011,,
06Q3,6493310831,5545503724.5,46523987.683,89862644.7,43338657.017,0.7815098352,28847220.261,209387.42778,11822743.494,13523382.417,4614,2801548.45,1434349,1627866.2,12889047.411,4025283,4256386.4889,517336.55,405859.85,18575985.394,7100380.1056,8326272.3333,1961467,116570057.53,1009068845,408243444.5,3603222444.5,408997307.93,131314154.32,99199908.461,4706353.2444,,
06Q4,6883292843,5876087321,56620530.191,105537748.35,48917218.158,0.8324794287,39666493.717,223235.25,12099242.188,13716678.871,4621,5029225.2279,1529632.489,1804129.5147,13454000.324,4232982.875,5815472.2574,658034.63603,512509.61765,20984319.783,7825632.5478,13957557,2105038.3676,128573487.3,1020344246,444735367,3848805539,435653539.72,146796835.56,113073061.73,5986703.2059,,
07Q1,6952652370,5944438183.6,50655386.584,97094157.973,46438771.389,0.7812137994,31805559.94,220076.49589,12483133.564,14179371.019,2498,2542911.2795,1386930,1646718.6192,13144914.09,5416325,5547528.8411,605410.12329,471334.2137,19622605.392,7646156.6438,9040075.1397,2072764.1945,130913467.27,1013815245.5,436211774,3883420813,482200407.38,142336371.94,109046907.09,6086414.5836,,
07Q2,7183732936,6139423739.4,53338019.101,101145780.03,47807760.933,0.7787011121,32905399.281,222658.32584,13182796.989,14191446.697,1341,2674385,1334961.7416,1837610.1124,13367661.753,5421412,6088058.382,634523.75281,349510.1573,20082157.169,8096987.4494,10023454.326,2138143,146132914.5,1017763359,472754582,4012106824.5,490691928.42,149272791.66,114215625.91,7308720,,
07Q3,7574648765,6366778269.9,56755328.711,108182343.13,51427014.417,0.807739994,33918127,233420,13967448.667,15945966.856,2465,2495984.3611,1355563,2615391.8444,13958068.75,6486270,5856171.6111,785866.96111,535464.01111,21011043.433,8053478.1611,10564951.106,2315446,188959152.52,1056397343,451409885,4158130356.5,511983898.91,151498005.4,121807758.63,10664553,,
07Q4,7972576448,6747861602.3,57303185.46,110263922.23,52960736.768,0.7848521486,34700815.202,210666,14092648.25,15548318.893,1568,3149160.2684,1385305,2529410.7757,13793208.673,6518511,5981334.75,1279917.4154,427712.68015,22089709.136,7439771.8309,10977776.813,2273476,203449381.5,1039564908,494243343,4439071099.5,574611189.82,141999379.09,137662584.31,20355508.169,,
08Q1,8274381364,6855788170.6,48524842,103997550,55472708,0.8091368435,32675263,177241,12409217,15192148,2268,2846278,1470488,2254903,13513320,6954171,4734248,801365,333547,19090171,5737852,9884047,2191458,202886115,1051128884,545584519,4480522628,575666024.55,146970362,127373039,24523489,,
08Q2,8170960995,6913988561.3,38123549.567,94709013.689,56585464.122,0.8184199847,30467526.222,158103.06667,11290982.744,14381393.811,1066,2144966.6111,-642080.8,2310668.8111,13388306.422,6218910.9333,3684167.1,649989.76667,205028.38889,14372186.578,4379720.6,8054292,1806443,228211768.33,1094514597.5,551000204,4500713093,541950723.98,138055749.81,126715842.32,28786550.689,,
08Q3,8769294205,7243948825.8,36593161.37,93705738,57112576.63,0.7884177263,29683098.326,160198,11028515.365,14869044.757,2860,2283838.3315,828678,2022305.9006,14016098.696,5741286,3760629.7182,540145.90608,195266.8011,13676451.597,4169842.4586,7906072.895,1586725.6188,227518401.6,1189749417.5,602969639,4687210454.5,533926578.7,135933577.07,127345776.7,32697516.066,,
08Q4,8876324643,7453471372.6,33348926.846,98654203.828,65305276.982,0.8761726411,32051517.89,148191.80586,10862332.81,15939729.681,1595,2357048.5275,911015.66667,3037588.8278,15934836.029,5721877.3333,2173451.1319,660738.12454,176739.96337,14711725.066,2186830.2637,8434255.8864,2069741.3333,477365207.69,1218457916,573292893.5,4736793762.5,471816900.94,124814379.5,163203667.37,49877632.934,,
09Q1,8710866124,7550181162,20474884.088,83637503.471,63162619.384,0.8365709117,27052072.619,121191,8838253.3425,15151542.638,3696,1509918,1423387,1488351.5918,15373636.57,4081364,1038339.6877,612457.02192,76445.624658,9836014.6356,914009,5349868.8274,1464480,605506576,1317715924,603212625.5,4598805685,427215623.48,138914465.12,135462672.7,43023564.638,,
09Q2,8612379511,7612812065.6,19443459.91,83341973.112,63898513.202,0.8393549276,28694894.528,125976,8817375.0899,14082024.101,3676,1564105.7416,1335772.3933,1128210,15998018.348,4010200,738486,479293.91011,116078.24719,9104102.5281,675365.85393,5526107.7753,1409517.5056,640741416.5,1409591205.5,551885930.5,4595743067.5,419722795.64,136387587.03,138855006.01,47572335.843,,
09Q3,8587434546,7425336332.5,16725687.25,79621470,62895782.75,0.8470428804,26624062.75,143629.75,8042854.25,13833623,2478,1579189.75,1227701,882889.5,15838492.25,3852863,707343.5,558171.25,115307.5,7877392.5,649557.75,4702067,1193930.5,616001083.26,1456758985,458812960.5,4450806312.5,447205029.78,121642373.75,119106444.25,42508394.25,,
09Q4,8565518671,7522895047.9,15243629.588,82942621.724,67698992.136,0.8999061094,30341274.162,139842,8092534.5074,13611120.228,3712,1584120.4118,1287217.6397,943405.09926,15864689.798,3599611.6618,764957.96324,428205.25368,137330.09559,7268043.0221,428392.08824,5019568.3824,1140752,709615736.87,1538853779,410401576,4405170824.5,463719278.01,129561443.53,119308866.51,39671046.074,,
10Q1,8815424143,7736679575.2,14667004,87166405,72499401,0.9370867734,25593940,121658,7686552,24437283,3295,1382449,1300900,847382,15153612,3013449,818412,405775,108570,5896252,352933,5432775,942900,665227324,1567812849,374088268,4697585314,431965820.19,134877400,116191581,38286150,,
10Q2,8710382326,7634534093.8,13975439.865,84872986.36,70897546.494,0.9286427387,25715820.809,120879.34831,7646721.8652,22938055.303,3361,1646540.2472,1254481.2697,864350.13483,14278213.775,2903647.3596,861663.95506,459424.29213,94764.146067,5511873.8427,368653.93258,5073204.9438,908636,698336423.43,1589688392,379411810,4553274648,416226369.36,131902779.38,106094682.31,27757644.865,,
10Q3,8860089295,7534807777.4,13318816,83126656,69807840,0.9264714119,24955995,122616,7516225,22532186,3442,1553688,1145634,884416,13563570,3080445,1027868,490653,79129,5225791,234996,4696202,1030487,595007995,1626856013,393903072,4476189748,442850949.43,127396394,100189703,23496809,,
10Q4,8815699410,7694074758.3,13778553.456,82119895.103,68341341.647,0.8882333977,24470620.735,119183,7510514.6765,21708510.441,2373,1481359,1180822,893355.55882,13547751.779,3149286,1183055.4559,421256.45588,86221.926471,4814813.4118,970300,4637296.1176,896380,581212897,1690985523,421860660.5,4503125288,497790841.78,128912823.54,101455101.22,19968694.029,,
11Q1,8906555734,7656083614.1,12520665.159,80670142.616,68149477.458,0.8901349684,23711151.216,115459.0274,7566400.5973,21272029.173,2223,1408396,1260228,1004734.9123,13269663.912,3116670,1129290,493368.77808,79821.745205,4391001.5945,569442.75068,4213068.0685,897475,632146233,1673954374,395033578.5,4458577294.5,501486485.14,124907303.08,93576943.622,13480056.644,,
11Q2,9080235718,7738171787.5,12516991.449,80709980.483,68192989.034,0.8812545251,23394468.326,110683.65169,7741297.2584,20773778.708,1234,1436133.8315,1097157,1126795.6629,13282572.461,3361878,1156960.0562,473720.52809,86883.719101,4210162.3708,603515.44944,4006770.9101,801847,657647908,1713444225.5,390056128,4495771911.5,482326647.96,125401318.9,95420082.528,12573210,,
11Q3,9254700926,7848265090.6,11081272.889,77898858.389,66817585.5,0.8513675918,23493475.333,124385.02778,7771641.1389,19934134.028,1337,1400231.4444,1083261.6389,1167876.4444,11483194.306,3084690.3889,1290853.0278,469560.61111,77080.111111,3702729.6667,325314.25,3506669.0556,796470.25,759914638.66,1724307849,414507906,4533522541,417415245.98,125365777.75,90574246.944,12455435.806,,
11Q4,9294733296,7956798451,10237653,78758517,68520864,0.8611612374,23048247,137549,7948906,20547098,217,1582374,1028746,1128749,12142297,2806865,1272407,545999,68712,3665988,314803,3241582,791324,672797144,1799889273,444596296,4614708900,424806838.05,120909064,93195963,12607873,,
12Q1,9348960606,8021282322,9848026.1178,77074188.151,67226162.033,0.838097443,22833096.581,119805.94521,7951081.2055,18492954.027,1207,1605442.7123,1121073.4685,980802.36986,12860741.729,2812689,1312527.5616,570566.55068,75071.712329,3362695.3644,309730.40274,3226272.5562,811457.10685,709649323,1841266944.5,435723046,4591642053,452094546.49,125841405.65,92064465.912,9958763.1836,,
12Q2,9445452845,8042296720.1,9475074,75286268,65811194,0.8183134282,22773971,80064,8327841,18241337,1262,1690914,926699,951594,11705830,2724161,1170300,562918,80880,3265879,333153,2993218,771461,719803826,1854204696,410108491,4625993464,432186243.12,122096026,87801499,9580230,,
12Q3,9566204766,8164668499.5,9203255.5249,75942010.331,66738754.807,0.8174092409,21868368.155,102903,8105374.2099,20794098.724,259,1722339,876753,901885.13812,11138812.232,2558778,1090408,544259.87293,85680.629834,3376307.0939,316610,2806227,733304.8011,766450114.5,1889960427,415192360,4659916699.5,435053098.47,124467698.35,88350179.331,10012419.42,,
12Q4,9807543177,8366082263.5,8942778.2308,75833638.308,66890860.077,0.7995481991,21855972.769,94278.923077,8038735.0769,20518181.462,1178,1851001.3846,832842,942535.61538,11135644.385,2819674,1057938,558859.69231,124529.76923,3311178.3077,311426.46154,2676752.6923,705535,800248568.5,1936285890,433024921,4730159011,467012903.98,123217756.15,91478324.231,10393670.308,,
13Q1,9797175590,8407965427.1,8135732,73400271,65264539,0.7762227327,21618089,95934,7932108,18520783,1143,1774551,899945,893181,11415167,2932293,982619,458384,117955,2841096,352132,2444966,736560,785720707,1938021794,416664754,4759286246,508271926.05,125541544,83391729,7511012,,
