month,year,SVENY0025,SVENY0050,SVENY0075,SVENY0100,SVENY0200,SVENY0300,SVENY0500,SVENY0700,SVENY1000,SVENY1500,SVENY2000,SVENY3000
Nov,85,7.3245,7.5227,9.7132,7.8741,8.4296,8.8349,9.3543,9.6562,9.9453,10.3456,10.7788,10.6965
Dec,85,7.3099,7.443,9.2085,7.6834,8.0793,8.3889,8.8367,9.1453,9.4696,9.826,10.0617,10.3427
Jan,86,7.3923,7.5157,9.1177,7.7369,8.0975,8.3764,8.7783,9.0591,9.3656,9.7244,9.9744,10.2821
Feb,86,7.345,7.4414,8.69,7.6116,7.8837,8.093,8.4042,8.6387,8.9151,9.2477,9.4685,9.7195
Mar,86,6.8643,6.9346,7.8038,7.0568,7.2469,7.3895,7.6008,7.7663,7.9748,8.2452,8.4333,8.6518
Apr,86,6.2561,6.3542,7.3704,6.5251,6.7869,6.9719,7.2051,7.3435,7.4796,7.6393,7.7589,7.915
May,86,6.1968,6.3883,7.8622,6.7078,7.1558,7.4324,7.7149,7.8408,7.9462,8.0776,8.1817,8.313
Jun,86,6.3064,6.5026,8.0317,6.8287,7.2833,7.5642,7.8592,8.0048,8.1437,8.3186,8.4477,8.6016
Jul,86,5.9299,6.0871,7.5805,6.355,6.7507,7.0188,7.3463,7.5418,7.7414,7.9739,8.1334,8.3203
Aug,86,5.5992,5.7369,7.353,5.9782,6.357,6.6385,7.0309,7.2981,7.58,7.8807,8.0636,8.2615
Sep,86,5.3023,5.504,7.6225,5.8493,6.3686,6.7361,7.2264,7.5547,7.9057,8.2878,8.5207,8.7705
Oct,86,5.3813,5.5347,7.5552,5.8083,6.2531,6.6006,7.1141,7.4796,7.8647,8.2565,8.4813,8.7158
Nov,86,5.4699,5.5988,7.3598,5.8277,6.201,6.4979,6.953,7.2894,7.6483,8.0072,8.207,8.4117
Dec,86,5.6569,5.7615,7.1633,5.9374,6.2074,6.4221,6.7852,7.0942,7.4595,7.8471,8.0662,8.2909
Jan,87,5.6314,5.7327,7.1153,5.9066,6.1803,6.3985,6.7567,7.0505,7.3914,7.7522,7.9572,8.168
Feb,87,5.8772,5.9598,7.2158,6.1036,6.3374,6.5331,6.8694,7.1529,7.4836,7.8322,8.0294,8.2319
Mar,87,5.871,5.9648,7.1795,6.1214,6.3585,6.5447,6.8567,7.1207,7.4305,7.7564,7.9394,8.1265
Apr,87,6.0312,6.2676,7.9327,6.6037,6.998,7.2463,7.6078,7.8769,8.1567,8.4208,8.5615,8.7036
May,87,6.1996,6.6257,8.5191,7.1647,7.6722,7.9271,8.255,8.476,8.6827,8.8591,8.9488,9.0387
Jun,87,6.2421,6.5578,8.3206,6.9925,7.4564,7.7086,8.04,8.2736,8.5025,8.7032,8.8062,8.9094
Jul,87,6.1743,6.4081,8.3532,6.7775,7.2731,7.5965,8.02,8.2982,8.5669,8.8075,8.9325,9.0581
Aug,87,6.3582,6.6043,8.6141,6.9997,7.535,7.8756,8.2957,8.5613,8.8233,9.0696,9.2015,9.3349
Sep,87,6.8809,7.2098,9.236,7.6766,8.2032,8.5048,8.9033,9.1806,9.4503,9.686,9.8065,9.9273
Oct,87,7.0127,7.3112,9.3612,7.7601,8.327,8.6753,9.0871,9.319,9.5155,9.6748,9.7534,9.83
Nov,87,6.2944,6.6198,8.7437,7.0773,7.6288,7.9832,8.4364,8.697,8.9115,9.0822,9.1677,9.2532
Dec,87,6.3218,6.7864,8.8745,7.2753,7.745,8.0517,8.5043,8.8146,9.091,9.236,9.1754,8.8584
Jan,88,6.4348,6.7184,8.56,7.0949,7.5084,7.7657,8.1644,8.4901,8.8351,9.0482,8.9486,8.3551
Feb,88,6.1913,6.3948,8.1078,6.6975,7.0664,7.3011,7.6793,8.0274,8.4454,8.7481,8.6405,7.829
Mar,88,6.2108,6.4312,8.2661,6.7592,7.1611,7.418,7.8241,8.1844,8.605,8.9092,8.8224,8.1002
Apr,88,6.3882,6.6419,8.5944,7.0181,7.4695,7.7444,8.1567,8.5139,8.9265,9.2161,9.1195,8.3954
May,88,6.5718,6.9258,8.9199,7.3948,7.8644,8.1153,8.5002,8.8431,9.2318,9.4965,9.4118,8.7867
Jun,88,6.6524,7.0727,8.7522,7.5374,7.9027,8.0918,8.4155,8.6931,8.9841,9.181,9.1516,8.822
Jul,88,7.053,7.3985,8.8883,7.7735,8.1191,8.289,8.5553,8.8241,9.1647,9.4333,9.3817,8.8046
Aug,88,7.562,7.8274,9.0741,8.165,8.4614,8.5899,8.7977,9.0206,9.3015,9.5111,9.458,8.9852
Sep,88,7.6553,7.8608,8.8139,8.109,8.3114,8.4044,8.5823,8.7703,8.9946,9.1613,9.1379,8.8384
Oct,88,7.6711,7.855,8.6403,8.0594,8.1956,8.2522,8.4062,8.5952,8.8295,9.003,8.9705,8.6294
Nov,88,8.1069,8.2432,8.7981,8.3921,8.4888,8.529,8.6377,8.7676,8.9242,9.0341,9.0057,8.7699
Dec,88,8.4004,8.6918,8.9735,8.888,8.9005,8.8869,8.9221,8.9656,8.9912,8.9468,8.8544,8.66
Jan,89,8.6326,8.8192,8.9808,8.9631,8.9827,8.9666,8.9734,8.9819,8.9552,8.843,8.7126,8.5017
Feb,89,8.8759,9.0363,9.054,9.1643,9.1639,9.12,9.0798,9.0599,9.0142,8.9024,8.7871,8.6099
Mar,89,9.2717,9.4498,9.2258,9.5604,9.5079,9.4281,9.3225,9.2439,9.1421,9.0096,8.9172,8.8064
Apr,89,9.0879,9.2572,9.0644,9.3481,9.2827,9.2124,9.1349,9.0781,8.9981,8.8853,8.8033,8.7024
May,89,8.8383,8.9337,8.7666,8.9485,8.8555,8.7995,8.7704,8.7674,8.7573,8.7156,8.6615,8.563
Jun,89,8.6322,8.5801,8.2292,8.4344,8.2629,8.2117,8.2099,8.2263,8.2341,8.2048,8.1524,8.0468
Jul,89,8.1875,8.0768,7.9107,7.8823,7.7069,7.6904,7.782,7.8876,8.0011,8.0735,8.0534,7.9054
Aug,89,8.1957,8.2139,8.024,8.1401,8.0085,7.9669,7.9798,8.0156,8.0571,8.0797,8.0639,7.9887
Sep,89,8.1536,8.2413,8.128,8.1959,8.0956,8.0756,8.0968,8.123,8.1425,8.1325,8.0973,8.0157
Oct,89,8.0437,8.125,7.9802,7.9845,7.8639,7.8649,7.9218,7.971,8.0081,8.0011,7.9539,7.8395
Nov,89,8.0192,7.9089,7.8188,7.7512,7.669,7.6845,7.7527,7.8081,7.8562,7.875,7.8558,7.7868
Dec,89,7.9714,7.8703,7.7807,7.7434,7.658,7.6656,7.7292,7.7736,7.8019,7.8184,7.8366,7.8941
Jan,90,8.0026,7.9591,8.1334,7.928,7.9555,8.0039,8.0788,8.1248,8.1647,8.1929,8.1981,8.1835
Feb,90,8.0845,8.0634,8.3949,8.0911,8.2071,8.2825,8.3561,8.3893,8.4144,8.4339,8.4437,8.4534
Mar,90,8.1444,8.2083,8.5166,8.2855,8.4267,8.492,8.5225,8.5186,8.5074,8.4957,8.4895,8.4833
Apr,90,8.0965,8.1885,8.6828,8.3357,8.5459,8.6254,8.6708,8.6815,8.6867,8.69,8.6917,8.6933
May,90,8.1149,8.1231,8.6631,8.2698,8.4543,8.5417,8.6227,8.6578,8.6784,8.6795,8.6635,8.6102
Jun,90,7.9909,7.9447,8.4062,8.0264,8.1817,8.2642,8.3511,8.398,8.4333,8.4404,8.4092,8.2877
Jul,90,7.8705,7.8458,8.3751,7.8957,8.0281,8.1264,8.2623,8.3562,8.4483,8.5105,8.4914,8.303
Aug,90,7.7146,7.6976,8.594,7.7627,7.952,8.115,8.3667,8.5546,8.7535,8.92,8.9342,8.6668
Sep,90,7.6414,7.6856,8.7468,7.7857,7.9853,8.1657,8.4663,8.6982,8.9407,9.1269,9.115,8.7305
Oct,90,7.4437,7.4982,8.5504,7.6031,7.7973,7.9721,8.2682,8.501,8.7494,8.9495,8.9526,8.5963
Nov,90,7.1894,7.2392,8.2224,7.3353,7.5141,7.6761,7.9536,8.175,8.4164,8.6226,8.6448,8.3411
Dec,90,6.9602,7.0084,7.9508,7.1014,7.274,7.4298,7.6954,7.906,8.1334,8.3241,8.3407,8.052
Jan,91,6.4764,6.588,8.0024,6.7768,7.0764,7.3157,7.6835,7.9486,8.2101,8.3952,8.3819,8.0717
Feb,91,6.0788,6.2021,7.7807,6.4215,6.7769,7.0523,7.4516,7.7257,7.9945,8.1975,8.1961,7.8553
Mar,91,6.0497,6.2248,8.0529,6.5308,7.0031,7.3391,7.7625,8.0073,8.2267,8.415,8.4506,8.1468
Apr,91,5.7956,6.0027,7.986,6.3539,6.8713,7.2252,7.6682,7.9348,8.1817,8.3664,8.3574,7.9962
May,91,5.5634,5.8044,8.0386,6.198,6.7607,7.1492,7.6592,7.978,8.261,8.4355,8.4053,8.1046
Jun,91,5.7369,5.998,8.236,6.4211,7.0082,7.3957,7.8833,8.18,8.4404,8.605,8.5969,8.3979
Jul,91,5.7178,5.9395,8.2124,6.3247,6.9159,7.3363,7.8655,8.1605,8.3916,8.5354,8.5532,8.4367
Aug,91,5.406,5.5688,7.8588,5.8692,6.3817,6.7956,7.3983,7.7864,8.1147,8.3002,8.2854,8.0726
Sep,91,5.2244,5.3774,7.6146,5.6615,6.1519,6.5536,7.1487,7.5404,7.8813,8.0918,8.1036,7.9451
Oct,91,4.9915,5.1363,7.4279,5.4076,5.8842,6.2849,6.9048,7.3412,7.7594,8.0755,8.1386,7.9513
Nov,91,4.5914,4.745,7.3487,5.0358,5.5573,6.0068,6.7234,7.2438,7.7526,8.131,8.1852,7.9309
Dec,91,4.0664,4.2211,7.0223,4.5165,5.0553,5.5301,6.3108,6.9005,7.5022,7.9745,8.0454,7.7094
Jan,92,3.7431,3.945,7.0814,4.3236,4.9895,5.5475,6.3975,6.9717,7.4759,7.7745,7.7968,7.8272
Feb,92,3.748,3.9956,7.3668,4.4518,5.227,5.8466,6.7277,7.2694,7.697,7.9339,8.0071,8.2429
Mar,92,4.004,4.3026,7.54,4.8336,5.6761,6.2908,7.0637,7.4722,7.7617,7.9546,8.0818,8.3301
Apr,92,3.6527,3.9423,7.4844,4.4681,5.3355,6.0014,6.8937,7.3985,7.7622,7.9621,8.0719,8.3957
May,92,3.5147,3.7985,7.3807,4.3157,5.1762,5.8444,6.7567,7.2881,7.6877,7.9198,8.0334,8.3289
Jun,92,3.599,3.8384,7.2132,4.2807,5.037,5.6481,6.5361,7.1065,7.5964,7.936,8.0686,8.2705
Jul,92,3.1477,3.3429,6.773,3.7141,4.3863,4.9729,5.9238,6.629,7.3345,7.8803,7.9827,7.7381
Aug,92,3.039,3.2258,6.5491,3.5817,4.2279,4.7939,5.717,6.4073,7.1064,7.6642,7.7914,7.6157
Sep,92,2.787,2.9666,6.3752,3.3116,3.9475,4.516,5.472,6.2176,7.0127,7.6955,7.848,7.3883
Oct,92,2.8962,3.0885,6.5639,3.4609,4.1469,4.7483,5.7136,6.4198,7.1322,7.742,7.9538,7.9088
Nov,92,3.1914,3.4089,6.8737,3.8379,4.6221,5.2719,6.1966,6.7677,7.2639,7.672,7.8781,8.0843
Dec,92,3.2406,3.4614,6.8053,3.8983,4.6879,5.3252,6.1965,6.7115,7.1459,7.4975,7.6743,7.8512
Jan,93,3.1116,3.2846,6.6204,3.6533,4.3827,5.0169,5.9403,6.514,7.0113,7.4191,7.6248,7.8307
Feb,93,3.0391,3.1854,6.2331,3.4893,4.0933,4.6431,5.5144,6.1155,6.6824,7.1759,7.4298,7.6846
Mar,93,3.0819,3.1847,6.0004,3.4209,3.9425,4.4507,5.2907,5.8837,6.4476,6.9394,7.1925,7.4464
Apr,93,2.986,3.0857,5.9585,3.3178,3.8386,4.3534,5.2171,5.8359,6.4309,6.9541,7.2241,7.4951
May,93,3.0086,3.141,5.9582,3.4112,3.9444,4.4362,5.2462,5.8382,6.4315,6.9805,7.273,7.5697
Jun,93,3.1575,3.3222,5.8283,3.6251,4.1434,4.5713,5.2362,5.726,6.2493,6.7877,7.1019,7.436
Jul,93,3.1298,3.2824,5.6707,3.5661,4.0592,4.4704,5.109,5.5743,6.0655,6.5709,6.8719,7.2016
Aug,93,3.1254,3.2556,5.6124,3.5111,3.9871,4.4036,5.0583,5.52,5.9738,6.3896,6.6109,6.8357
Sep,93,3.0622,3.1852,5.2777,3.4169,3.8295,4.184,4.755,5.1867,5.6545,6.1404,6.4256,6.7298
Oct,93,3.1009,3.2203,5.2347,3.4442,3.8409,4.1805,4.7283,5.1459,5.6054,6.0935,6.3859,6.7015
Nov,93,3.1837,3.3416,5.6232,3.63,4.1172,4.5119,5.1091,5.5356,5.9791,6.4234,6.6772,6.9431
Dec,93,3.1861,3.3547,5.6605,3.659,4.1633,4.5636,5.1579,5.5754,6.0038,6.425,6.6612,6.9056
Jan,94,3.1077,3.2782,5.6138,3.5857,4.0945,4.4982,5.0996,5.5261,5.9706,6.4175,6.6726,6.9389
Feb,94,3.4008,3.5863,5.8772,3.9129,4.4329,4.83,5.402,5.7969,6.2006,6.5991,6.8242,7.0586
Mar,94,3.7311,3.9853,6.4133,4.3993,4.9885,5.4,5.9642,6.3393,6.7003,7.0231,7.191,7.3597
Apr,94,3.953,4.2998,6.9002,4.8403,5.5444,5.9808,6.5097,6.8362,7.1513,7.4315,7.5424,7.5269
May,94,4.3967,4.757,7.0728,5.2867,5.9267,6.2998,6.7399,7.0169,7.2981,7.5572,7.6492,7.5748
Jun,94,4.419,4.7388,6.964,5.2351,5.8672,6.235,6.6456,6.9074,7.2137,7.5521,7.6747,7.4661
Jul,94,4.5639,4.9284,7.1855,5.4499,6.0582,6.4122,6.8469,7.1288,7.4114,7.6682,7.7686,7.7432
Aug,94,4.6763,5.0178,7.1201,5.5204,6.1029,6.4288,6.8171,7.0689,7.3293,7.5884,7.7166,7.7656
Sep,94,4.9204,5.2283,7.33,5.7002,6.2857,6.6252,7.0207,7.2765,7.5569,7.8545,7.9938,7.9813
Oct,94,5.2414,5.5646,7.5935,6.0509,6.6419,6.9723,7.3298,7.5477,7.7923,8.0622,8.1735,8.065
Nov,94,5.5249,5.9212,7.8182,6.4691,7.0515,7.3386,7.6263,7.7868,7.9447,8.1062,8.1968,8.2653
Dec,94,5.7235,6.5255,7.7308,7.1437,7.4931,7.6003,7.6827,7.7229,7.7648,7.8219,7.872,7.9548
Jan,95,5.941,6.496,7.7286,7.013,7.4081,7.5532,7.6677,7.7193,7.7652,7.813,7.8438,7.8797
Feb,95,5.9731,6.2453,7.3741,6.6249,7.0057,7.1581,7.2762,7.3548,7.4659,7.6045,7.6893,7.7793
Mar,95,5.985,6.1483,7.115,6.3922,6.6726,6.8134,6.965,7.0855,7.2552,7.4705,7.6042,7.7454
Apr,95,5.9232,6.0378,6.9444,6.2216,6.4629,6.6056,6.775,6.9102,7.1188,7.4199,7.5679,7.4075
May,95,5.806,5.8586,6.5144,5.9487,6.0854,6.1863,6.342,6.4803,6.6824,6.9712,7.141,7.0988
Jun,95,5.6643,5.6416,6.0848,5.6289,5.6654,5.7322,5.888,6.0463,6.2675,6.5646,6.7608,6.897
Jul,95,5.5477,5.5782,6.1861,5.6349,5.735,5.824,5.9879,6.1468,6.3774,6.7003,6.9006,6.9303
Aug,95,5.5641,5.6294,6.4044,5.7416,5.9116,6.0352,6.2169,6.3681,6.5808,6.8817,7.0612,7.0319
Sep,95,5.5088,5.5511,6.1376,5.6243,5.7379,5.8253,5.9687,6.1036,6.307,6.604,6.7857,6.7736
Oct,95,5.5173,5.5407,5.9611,5.5822,5.6507,5.709,5.818,5.9316,6.1108,6.3821,6.5586,6.5811
Nov,95,5.5186,5.4702,5.8456,5.4188,5.4456,5.514,5.6666,5.8115,6.0024,6.2512,6.4269,6.6193
Dec,95,5.3315,5.334,5.6502,5.2882,5.2912,5.3446,5.4811,5.6176,5.8018,6.047,6.2243,6.4266
Jan,96,5.2197,5.1358,5.5737,5.065,5.082,5.1624,5.3519,5.5318,5.763,6.0472,6.2277,6.3788
Feb,96,4.999,4.95,5.6882,4.9203,4.9871,5.1108,5.3814,5.631,5.9421,6.2986,6.4921,6.5667
Mar,96,5.0868,5.1964,6.1913,5.371,5.6033,5.752,5.9623,6.1464,6.4055,6.7321,6.8861,6.7919
Apr,96,5.0955,5.2853,6.459,5.5655,5.8935,6.0682,6.2647,6.4202,6.6496,6.9507,7.0852,6.9489
May,96,5.1494,5.3478,6.6365,5.6526,6.0234,6.2229,6.4394,6.5984,6.8178,7.0861,7.1921,7.0436
Jun,96,5.2285,5.4672,6.794,5.824,6.2334,6.434,6.6273,6.7617,6.9482,7.1757,7.2686,7.1672
Jul,96,5.3479,5.5533,6.7196,5.8604,6.2133,6.3877,6.5616,6.6886,6.8694,7.0959,7.1939,7.1056
Aug,96,5.2145,5.3812,6.4806,5.6406,5.9618,6.1356,6.3178,6.4484,6.6418,6.9111,7.0417,6.9253
Sep,96,5.2308,5.4963,6.7199,5.8304,6.1629,6.333,6.5358,6.686,6.8713,7.0884,7.2066,7.2485
Oct,96,5.2151,5.3653,6.4153,5.5807,5.8473,6.0133,6.2258,6.3803,6.5776,6.8355,6.9814,6.965
Nov,96,5.2512,5.3252,6.0953,5.4503,5.6333,5.7589,5.9293,6.0632,6.2524,6.5257,6.6869,6.6376
Dec,96,5.2445,5.343,6.1737,5.5022,5.7164,5.8486,6.0131,6.1421,6.3299,6.5954,6.7389,6.6657
Jan,97,5.3058,5.4363,6.4358,5.6478,5.93,6.097,6.2807,6.4059,6.5869,6.8553,6.9999,6.89
Feb,97,5.2389,5.3574,6.2981,5.5506,5.8116,5.9687,6.1456,6.2685,6.4483,6.7207,6.8749,6.7823
Mar,97,5.4361,5.585,6.6076,5.8235,6.1324,6.305,6.4758,6.5819,6.7412,6.989,7.1194,6.9801
Apr,97,5.5208,5.7146,6.7972,6.0119,6.3645,6.5368,6.6826,6.7737,6.9224,7.1419,7.2376,7.0831
May,97,5.4349,5.6089,6.6093,5.875,6.1898,6.3457,6.4876,6.5845,6.7381,6.9566,7.0545,6.9289
Jun,97,5.351,5.5018,6.4139,5.7355,6.0187,6.1628,6.2959,6.3892,6.547,6.7896,6.9064,6.758
Jul,97,5.3862,5.4776,6.1566,5.6246,5.8173,5.9279,6.0471,6.1343,6.2756,6.501,6.623,6.5004
Aug,97,5.4523,5.5399,6.2511,5.6816,5.8712,5.9858,6.122,6.2256,6.3793,6.5983,6.704,6.5682
Sep,97,5.3174,5.4554,6.1769,5.6341,5.8246,5.9228,6.043,6.15,6.3066,6.5026,6.5927,6.543
Oct,97,5.3175,5.4357,6.0131,5.5833,5.7256,5.7953,5.8915,5.9883,6.1341,6.3216,6.4145,6.3845
Nov,97,5.4911,5.5323,5.8471,5.5969,5.6771,5.7208,5.7738,5.8304,5.9423,6.1307,6.2335,6.1252
Dec,97,5.5676,5.5917,5.7698,5.6281,5.6701,5.6909,5.7186,5.7574,5.843,5.9951,6.0833,5.9985
Jan,98,5.368,5.3546,5.5063,5.3358,5.3226,5.3327,5.3939,5.4824,5.6256,5.8211,5.9249,5.8848
Feb,98,5.4071,5.3998,5.5682,5.3893,5.3835,5.3948,5.4546,5.5437,5.6931,5.9009,6.0063,5.9248
Mar,98,5.4269,5.4462,5.6586,5.4764,5.5147,5.5387,5.5819,5.641,5.7575,5.948,6.0509,5.9418
Apr,98,5.3421,5.3964,5.6458,5.4674,5.5264,5.5428,5.5696,5.6273,5.7481,5.9303,6.0219,5.9497
May,98,5.3689,5.426,5.6727,5.4977,5.5544,5.5701,5.5976,5.6548,5.7707,5.9398,6.0233,5.9694
Jun,98,5.2391,5.3791,5.5477,5.476,5.4855,5.4763,5.4942,5.536,5.6062,5.7057,5.7742,5.8369
Jul,98,5.3144,5.3501,5.4806,5.3974,5.4349,5.4395,5.44,5.4689,5.5558,5.709,5.7858,5.6881
Aug,98,5.2215,5.2374,5.3304,5.2561,5.2667,5.2659,5.2754,5.316,5.4177,5.5924,5.6828,5.5683
Sep,98,4.9966,4.9423,4.8209,4.852,4.7324,4.676,4.6865,4.7883,4.9987,5.3116,5.482,5.4313
Oct,98,4.443,4.3985,4.5759,4.3281,4.2491,4.2348,4.3333,4.5223,4.8478,5.2808,5.4787,5.317
Nov,98,4.7088,4.688,4.8767,4.6558,4.6237,4.6264,4.7042,4.8386,5.0748,5.416,5.6029,5.531
Dec,98,4.701,4.6693,4.7376,4.6175,4.5532,4.5317,4.5796,4.7009,4.9348,5.2876,5.4827,5.3997
Jan,99,4.5849,4.6145,4.8565,4.6446,4.6484,4.6392,4.6836,4.8154,5.0748,5.4247,5.5685,5.3852
Feb,99,4.6562,4.7195,5.1439,4.8056,4.8853,4.9169,4.985,5.1072,5.338,5.6427,5.7486,5.5037
Mar,99,4.6838,4.773,5.3852,4.9032,5.0454,5.115,5.2175,5.3482,5.576,5.8653,5.9513,5.6634
Apr,99,4.5558,4.6612,5.2832,4.808,4.9517,5.0106,5.1024,5.2421,5.4963,5.8205,5.9246,5.6495
May,99,4.6948,4.8133,5.6353,4.9944,5.2111,5.3266,5.4667,5.6,5.8132,6.0774,6.1455,5.83
Jun,99,4.8667,5.0322,6.0088,5.2827,5.5749,5.7194,5.8639,5.9791,6.1563,6.3581,6.3714,5.9848
Jul,99,4.8596,5.0184,5.9096,5.2471,5.491,5.6033,5.7366,5.8735,6.082,6.2937,6.2951,5.9068
Aug,99,5.0105,5.1719,6.1015,5.3992,5.6386,5.7565,5.9142,6.0649,6.2638,6.434,6.4134,6.066
Sep,99,5.0735,5.2272,6.0878,5.4316,5.6221,5.7077,5.858,6.0412,6.2971,6.5192,6.5007,6.0896
Oct,99,5.1095,5.3178,6.2982,5.5853,5.8177,5.9122,6.0694,6.2529,6.4945,6.6824,6.643,6.2397
Nov,99,5.3099,5.457,6.1378,5.6476,5.8092,5.8656,5.9615,6.1004,6.3103,6.4934,6.4623,6.0577
Dec,99,5.4397,5.6539,6.3626,5.8966,6.0449,6.0744,6.1671,6.3224,6.538,6.6983,6.6455,6.2429
Jan,0,5.5456,5.8272,6.6661,6.1463,6.3601,6.4214,6.5248,6.6399,6.7677,6.8259,6.7547,6.4733
Feb,0,5.7268,5.9883,6.6193,6.2978,6.5198,6.5732,6.6056,6.6193,6.5968,6.4749,6.3199,6.0512
Mar,0,5.931,6.1105,6.41,6.3186,6.4454,6.448,6.4202,6.4114,6.3954,6.312,6.1838,5.9182
Apr,0,5.9128,6.102,6.1653,6.2774,6.3066,6.2486,6.1805,6.1663,6.158,6.1045,6.0139,5.8168
May,0,6.1466,6.4444,6.5788,6.6922,6.7246,6.6644,6.6037,6.5833,6.5477,6.4459,6.3259,6.1194
Jun,0,6.0338,6.2904,6.2292,6.4777,6.4412,6.3444,6.2528,6.2313,6.2205,6.1804,6.1145,5.969
Jul,0,6.2027,6.3066,6.133,6.3683,6.3011,6.2174,6.1431,6.1326,6.1352,6.1079,6.0437,5.8852
Aug,0,6.3059,6.3518,5.9603,6.3318,6.1882,6.0774,5.9832,5.9619,5.9559,5.9294,5.8762,5.7459
Sep,0,6.2794,6.2782,5.9207,6.201,6.0133,5.9027,5.8601,5.9062,5.9859,6.0379,5.9994,5.802
Oct,0,6.3488,6.3232,5.7982,6.1715,5.883,5.7427,5.7097,5.7782,5.8887,5.9845,5.9811,5.8268
Nov,0,6.4201,6.3371,5.7467,6.138,5.8442,5.7119,5.6742,5.7297,5.8266,5.9171,5.9196,5.7857
Dec,0,6.0936,5.9256,5.2844,5.665,5.3544,5.2155,5.1777,5.2586,5.4129,5.5922,5.652,5.5478
Jan,1,5.3568,5.1816,5.1917,4.9614,4.8041,4.8114,4.9666,5.1488,5.3796,5.6203,5.72,5.6805
Feb,1,5.0835,4.9254,5.1663,4.7575,4.6893,4.7458,4.936,5.1236,5.351,5.5882,5.6931,5.6794
Mar,1,4.6247,4.5041,4.9739,4.3834,4.3655,4.4544,4.6948,4.9225,5.1955,5.48,5.6074,5.5969
Apr,1,4.1293,4.0737,5.1585,4.0899,4.2445,4.4298,4.7872,5.0916,5.4408,5.7883,5.9314,5.8881
May,1,3.8157,3.7849,5.3801,3.9401,4.2985,4.5776,5.0004,5.3145,5.6466,5.9474,6.0494,5.9631
Jun,1,3.6465,3.6008,5.2916,3.7525,4.1479,4.455,4.9024,5.2249,5.5596,5.8555,5.9501,5.8523
Jul,1,3.665,3.556,5.2298,3.6782,4.0756,4.3884,4.8402,5.1632,5.4967,5.7903,5.8835,5.7858
Aug,1,3.5276,3.3938,5.0134,3.4371,3.7896,4.1126,4.5946,4.9416,5.3026,5.6261,5.7355,5.6452
Sep,1,2.7836,2.7222,4.7545,2.7938,3.1713,3.5595,4.1873,4.6563,5.1546,5.6158,5.7856,5.691
Oct,1,2.2821,2.1973,4.5565,2.2953,2.7796,3.2454,3.9506,4.453,4.9737,5.447,5.6188,5.5221
Nov,1,1.94,1.9292,4.6691,2.173,2.8203,3.3456,4.0778,4.5705,5.0539,5.4492,5.5507,5.3679
Dec,1,1.7899,1.7727,5.155,2.1779,3.112,3.7602,4.5591,5.0578,5.5268,5.8942,5.9799,5.8001
Jan,2,1.8135,1.749,5.0783,2.103,3.0242,3.6824,4.4873,4.9823,5.4455,5.8124,5.9061,5.7506
Feb,2,1.8241,1.83,4.9822,2.1788,3.0074,3.6154,4.3917,4.8853,5.356,5.7337,5.8301,5.6629
Mar,2,1.8812,2.0559,5.3692,2.5932,3.5103,4.1033,4.8282,5.281,5.7065,6.0377,6.1121,5.9422
Apr,2,1.8223,1.9475,5.258,2.4557,3.3864,3.9924,4.7206,5.1703,5.5957,5.9413,6.0388,5.9144
May,2,1.8044,1.8689,5.1433,2.3392,3.2353,3.8254,4.5667,5.0476,5.5171,5.9088,6.0225,5.8794
Jun,2,1.7869,1.7817,4.8714,2.1567,2.9622,3.5232,4.2643,4.7685,5.284,5.7503,5.9214,5.8354
Jul,2,1.8751,1.7023,4.5701,1.8437,2.5141,3.0851,3.8902,4.4536,5.0441,5.6043,5.8362,5.8006
Aug,2,1.7657,1.6356,4.147,1.6739,2.1122,2.5913,3.3958,4.0156,4.687,5.3198,5.5593,5.44
Sep,2,1.7125,1.6595,3.7548,1.6904,1.9733,2.3343,3.0341,3.6254,4.2993,4.9667,5.2408,5.1588
Oct,2,1.6157,1.5779,3.8159,1.6217,1.9182,2.2976,3.0424,3.6767,4.4035,5.1292,5.4332,5.3596
Nov,2,1.3846,1.3044,3.9132,1.4717,1.9365,2.3833,3.1567,3.7788,4.4751,5.1613,5.448,5.385
Dec,2,1.2907,1.2634,3.8961,1.3839,1.8397,2.3121,3.1215,3.7595,4.4627,5.1417,5.4132,5.3208
Jan,3,1.3014,1.2366,3.8872,1.3093,1.7533,2.2506,3.0976,3.7491,4.4575,5.1416,5.423,5.3591
Feb,3,1.309,1.2196,3.7252,1.2461,1.6359,2.1135,2.9475,3.5893,4.2871,4.9706,5.2673,5.2506
Mar,3,1.2631,1.1828,3.6107,1.2169,1.5891,2.0384,2.8384,3.474,4.1843,4.9035,5.2335,5.2574
Apr,3,1.2641,1.1849,3.7521,1.2297,1.6442,2.134,2.975,3.6165,4.314,5.0068,5.3213,5.3465
May,3,1.1918,1.1361,3.3118,1.1431,1.4072,1.7897,2.5491,3.1765,3.8776,4.5851,4.9146,4.9621
Jun,3,1.012,0.9796,3.0531,0.997,1.2257,1.5672,2.2889,2.9156,3.6347,4.3789,4.7454,4.8582
Jul,3,1.0246,1.0063,3.7063,1.0932,1.5018,1.9915,2.8764,3.5622,4.2961,5.0047,5.3177,5.3373
Aug,3,1.0987,1.0857,4.2316,1.2767,1.8834,2.466,3.3958,4.0869,4.8223,5.5127,5.7808,5.679
Sep,3,1.1331,1.0752,4.0304,1.1768,1.6993,2.2659,3.1969,3.8865,4.6182,5.3139,5.5993,5.5436
Oct,3,1.0855,1.0696,4.0285,1.2165,1.7521,2.3022,3.2057,3.8855,4.616,5.3172,5.6064,5.5489
Nov,3,1.0795,1.0998,4.0606,1.3213,1.9209,2.4603,3.3005,3.9281,4.6072,5.2655,5.5421,5.4991
Dec,3,1.0579,1.0789,4.03,1.2943,1.8945,2.4416,3.2832,3.9005,4.5624,5.2043,5.4789,5.4556
Jan,4,1.0605,1.0471,3.8865,1.2056,1.7491,2.2822,3.1277,3.7546,4.4304,5.0921,5.3821,5.3768
Feb,4,1.0686,1.0499,3.8288,1.2006,1.7313,2.2533,3.0828,3.699,4.3645,5.0179,5.3056,5.3038
Mar,4,1.0894,1.0509,3.5498,1.1432,1.567,2.0247,2.8064,3.4185,4.1,4.7873,5.1002,5.1165
Apr,4,1.0921,1.1582,4.1259,1.4466,2.086,2.6131,3.4095,4.001,4.6416,5.2651,5.5297,5.4968
May,4,1.1349,1.3369,4.5496,1.7871,2.5525,3.109,3.8866,4.4357,5.0138,5.5618,5.7864,5.7429
Jun,4,1.4064,1.629,4.5699,2.0776,2.7696,3.2575,3.9557,4.4634,5.0078,5.5324,5.7519,5.7179
Jul,4,1.5013,1.669,4.3162,2.0478,2.6365,3.066,3.7164,4.2106,4.7568,5.3042,5.5511,5.5591
Aug,4,1.5834,1.7199,4.0974,2.0052,2.4902,2.8797,3.5024,3.9915,4.5452,5.1181,5.3916,5.4362
Sep,4,1.7733,1.8962,3.9209,2.1187,2.4978,2.8197,3.3638,3.8189,4.3649,4.952,5.2172,5.1592
Oct,4,1.912,2.0215,3.8984,2.2198,2.5593,2.8522,3.3613,3.7991,4.3327,4.907,5.1603,5.0833
Nov,4,2.1242,2.2991,4.0028,2.5189,2.8406,3.0918,3.5239,3.9126,4.4041,4.9412,5.1745,5.0862
Dec,4,2.3313,2.476,4.0318,2.7003,3.0004,3.2158,3.5901,3.9468,4.4152,4.9294,5.1392,5.0017
Jan,5,2.5088,2.6669,4.049,2.9069,3.2062,3.3959,3.6949,3.9798,4.367,4.7991,4.9646,4.7932
Feb,5,2.6479,2.8232,4.0193,3.0788,3.367,3.5224,3.7442,3.9641,4.2784,4.6319,4.7515,4.5442
Mar,5,2.8537,3.0575,4.381,3.3625,3.7176,3.905,4.133,4.3318,4.6112,4.9181,4.9973,4.7175
Apr,5,2.9366,3.1145,4.2082,3.3703,3.6466,3.7829,3.9666,4.1584,4.4458,4.7703,4.8657,4.6154
May,5,2.9812,3.1589,4.0143,3.3986,3.6188,3.7002,3.812,3.9697,4.237,4.5586,4.6668,4.4569
Jun,5,3.1267,3.2698,3.8863,3.4581,3.6165,3.662,3.7271,3.8495,4.0758,4.3538,4.44,4.2223
Jul,5,3.3887,3.529,4.0775,3.7128,3.8634,3.9006,3.9456,4.0461,4.2415,4.4783,4.5352,4.2854
Aug,5,3.6126,3.7355,4.1819,3.8968,4.0272,4.0539,4.0779,4.1558,4.3234,4.5328,4.5762,4.3161
Sep,5,3.6747,3.7643,4.1115,3.8648,3.9256,3.9339,3.9752,4.0797,4.2757,4.5158,4.5846,4.3696
Oct,5,4.0151,4.0942,4.4004,4.1944,4.2662,4.2745,4.2949,4.3742,4.5407,4.7451,4.7818,4.5046
Nov,5,4.0853,4.2766,4.5177,4.3794,4.3899,4.3838,4.414,4.4939,4.6386,4.8123,4.8635,4.7206
Dec,5,4.2687,4.3161,4.4227,4.3689,4.384,4.3602,4.3434,4.4006,4.5482,4.7377,4.7636,4.4608
Jan,6,4.5041,4.4821,4.3709,4.4398,4.369,4.323,4.304,4.3527,4.4745,4.6386,4.6713,4.4182
Feb,6,4.6781,4.6798,4.5562,4.6721,4.6342,4.5917,4.542,4.5482,4.6146,4.7183,4.715,4.4229
Mar,6,4.781,4.7755,4.704,4.7586,4.7174,4.6827,4.6594,4.6907,4.783,4.9035,4.899,4.5841
Apr,6,4.9077,4.9059,4.9216,4.8945,4.8607,4.8342,4.8358,4.8998,5.0407,5.2161,5.2327,4.9048
May,6,4.9756,4.975,5.024,4.9651,4.9334,4.9098,4.9218,4.999,5.1566,5.3431,5.355,4.9994
Jun,6,5.1603,5.1605,5.0323,5.1434,5.0801,5.02,4.9734,5.0141,5.1389,5.2887,5.2717,4.8826
Jul,6,5.2967,5.2625,5.0091,5.1954,5.081,5.0041,4.9541,4.9924,5.1043,5.2378,5.2276,4.893
Aug,6,5.2308,5.1569,4.7983,5.0334,4.8639,4.7713,4.7272,4.7787,4.9055,5.0606,5.0777,4.8062
Sep,6,5.1696,5.0753,4.6584,4.9218,4.7216,4.62,4.5804,4.6382,4.7633,4.9057,4.9264,4.7311
Oct,6,5.1644,5.0786,4.6636,4.9376,4.7497,4.6496,4.6,4.6458,4.7617,4.9074,4.9352,4.7298
Nov,6,5.1645,5.0663,4.5318,4.9037,4.6824,4.5594,4.4831,4.5161,4.6221,4.7569,4.7767,4.5678
Dec,6,5.166,5.0473,4.5007,4.8582,4.6185,4.4973,4.4373,4.4829,4.5984,4.7434,4.7796,4.6219
Jan,7,5.176,5.1065,4.7001,4.9883,4.8202,4.7214,4.6561,4.6856,4.7871,4.922,4.9348,4.6665
Feb,7,5.1673,5.0932,4.6655,4.9673,4.7891,4.6851,4.6175,4.6498,4.7583,4.9031,4.9217,4.6573
Mar,7,5.1283,5.0046,4.4993,4.8068,4.5581,4.439,4.4017,4.4751,4.6217,4.7886,4.828,4.6679
Apr,7,5.1947,5.0758,4.6159,4.8857,4.6472,4.5348,4.5074,4.5896,4.7478,4.9257,4.9646,4.7815
May,7,5.1197,5.0426,4.6617,4.9123,4.7307,4.6298,4.5813,4.6396,4.7836,4.9625,4.9891,4.7097
Jun,7,4.9885,4.9848,5.0294,4.9727,4.945,4.9274,4.9419,5.0083,5.1392,5.2848,5.2713,4.8974
Jul,7,5.0911,5.016,4.935,4.9032,4.783,4.7494,4.8023,4.9078,5.0568,5.1858,5.1732,4.9132
Aug,7,4.6387,4.5533,4.6074,4.4286,4.3074,4.29,4.3972,4.5649,4.7984,5.0206,5.0487,4.7973
Sep,7,4.3246,4.2477,4.4128,4.131,4.0125,4.0004,4.1427,4.359,4.6462,4.8826,4.8921,4.6839
Oct,7,4.3005,4.2088,4.4231,4.0739,3.9488,3.9503,4.1301,4.3673,4.6522,4.8638,4.8821,4.7759
Nov,7,3.6572,3.5629,4.0499,3.4308,3.3333,3.3784,3.6555,3.9766,4.3456,4.6156,4.6442,4.5262
Dec,7,3.5448,3.415,3.9765,3.2322,3.0914,3.1408,3.4852,3.8856,4.3411,4.6645,4.6862,4.5099
Jan,8,3.151,2.9022,3.577,2.5965,2.4302,2.5422,3.0038,3.4726,4.0061,4.4577,4.546,4.229
Feb,8,2.2705,2.0993,3.5526,1.9235,1.9519,2.2036,2.8473,3.4269,4.0659,4.6212,4.7616,4.4589
Mar,8,1.6415,1.5742,3.2634,1.5158,1.6039,1.8456,2.4869,3.1198,3.8676,4.5338,4.6834,4.2988
Apr,8,1.6446,1.6856,3.4839,1.7814,2.0134,2.2787,2.8385,3.3639,3.9971,4.5866,4.7209,4.3298
May,8,1.8262,1.9075,3.7601,2.068,2.3791,2.6741,3.2081,3.6601,4.1834,4.6889,4.8459,4.5789
Jun,8,2.1484,2.2356,4.0192,2.4048,2.7228,3.0141,3.5198,3.9303,4.3886,4.8145,4.9384,4.6916
Jul,8,2.0327,2.1055,3.8698,2.2513,2.5396,2.8188,3.3331,3.7727,4.2779,4.7397,4.8398,4.4662
Aug,8,1.9719,2.0257,3.7173,2.1396,2.3856,2.6436,3.1539,3.6138,4.1572,4.6578,4.7654,4.3933
Sep,8,1.8273,1.8384,3.5231,1.8884,2.0701,2.3184,2.8806,3.4063,4.0007,4.472,4.5263,4.213
Oct,8,1.628,1.5245,3.802,1.4238,1.5251,1.8659,2.7834,3.6264,4.4447,4.8103,4.582,3.8628
Nov,8,1.3472,1.1902,3.5077,1.0095,1.032,1.3642,2.3598,3.3081,4.2413,4.6658,4.422,3.6579
Dec,8,0.6231,0.5535,2.4546,0.4878,0.5735,0.8401,1.5798,2.2985,3.0552,3.4751,3.309,2.598
Jan,9,0.4457,0.4349,2.559,0.4597,0.6479,0.9527,1.6932,2.402,3.1882,3.7252,3.6504,2.9587
Feb,9,0.5802,0.5884,2.8945,0.6469,0.8875,1.229,2.0104,2.7355,3.5294,4.0826,4.0438,3.4481
Mar,9,0.5661,0.5887,2.762,0.6651,0.9099,1.2303,1.9448,2.613,3.3741,3.9816,4.042,3.5905
Apr,9,0.3983,0.4535,2.767,0.5817,0.89,1.2387,1.9605,2.6195,3.383,4.0384,4.1432,3.671
May,9,0.2891,0.3599,3.1209,0.5238,0.9131,1.3442,2.2061,2.9575,3.7822,4.4418,4.5476,4.1914
Jun,9,0.1581,0.2998,3.6352,0.5895,1.1732,1.7351,2.7205,3.4802,4.2252,4.7351,4.7809,4.5038
Jul,9,0.1682,0.2752,3.4339,0.5086,1.0195,1.5442,2.5093,3.2761,4.0384,4.5716,4.6461,4.4522
Aug,9,0.0834,0.2295,3.4822,0.5247,1.1091,1.6621,2.6145,3.3363,4.0345,4.5132,4.5758,4.3894
Sep,9,0.0791,0.1898,3.2768,0.4296,0.9473,1.4698,2.4079,3.1308,3.8262,4.2991,4.3797,4.277
Oct,9,0.0231,0.1511,3.2145,0.4134,0.9444,1.4579,2.3639,3.0694,3.7755,4.3008,4.4145,4.3044
Nov,9,0.0464,0.1324,3.1819,0.3326,0.8019,1.3056,2.2566,3.0232,3.7956,4.3743,4.5233,4.4909
Dec,9,0.1415,0.2169,3.3155,0.4032,0.8649,1.3763,2.3574,3.1513,3.9482,4.5409,4.6974,4.6833
Jan,10,0.0407,0.147,3.4548,0.3863,0.9254,1.4842,2.5024,3.294,4.0669,4.6333,4.7902,4.8016
Feb,10,0.0866,0.1653,3.3872,0.361,0.8473,1.3843,2.4051,3.2201,4.0264,4.6222,4.791,4.8174
Mar,10,0.1061,0.2042,3.4088,0.4294,0.9453,1.4846,2.4732,3.2495,4.0242,4.6243,4.8107,4.8319
Apr,10,0.1414,0.243,3.5244,0.4843,1.0435,1.617,2.6228,3.3737,4.1005,4.6699,4.8559,4.8454
May,10,0.2516,0.2905,3.1332,0.4242,0.8292,1.312,2.2462,2.9837,3.7009,4.2355,4.4056,4.4603
Jun,10,0.2992,0.3026,2.9211,0.3829,0.7238,1.1698,2.0602,2.7745,3.4892,4.0629,4.2633,4.2976
Jul,10,0.2996,0.2907,2.6759,0.337,0.6008,0.9831,1.8116,2.5249,3.2729,3.8895,4.1152,4.2154
Aug,10,0.3076,0.2879,2.3085,0.3029,0.4864,0.7889,1.5022,2.1631,2.905,3.5764,3.8656,4.0728
Sep,10,0.3251,0.2959,2.2722,0.2961,0.4619,0.7563,1.4658,2.1268,2.8677,3.5358,3.8238,4.0335
Oct,10,0.3477,0.2945,2.0807,0.2491,0.3376,0.5775,1.2433,1.9242,2.749,3.5632,3.943,4.2254
Nov,10,0.3034,0.2813,2.2435,0.2839,0.4291,0.6949,1.3801,2.0801,2.9563,3.8699,4.3071,4.5802
Dec,10,0.3208,0.2937,2.8902,0.3269,0.6138,1.0418,1.9545,2.7268,3.5445,4.2689,4.5736,4.7053
Jan,11,0.311,0.2747,2.9625,0.3011,0.6,1.0508,2.0017,2.7954,3.6318,4.3829,4.7044,4.8178
Feb,11,0.2223,0.2263,3.1792,0.333,0.7614,1.287,2.2677,3.0237,3.7978,4.5064,4.8279,4.9512
Mar,11,0.2141,0.2078,3.0255,0.2915,0.6781,1.1739,2.1253,2.8714,3.6396,4.345,4.6721,4.827
Apr,11,0.164,0.1734,3.0795,0.2854,0.7116,1.2276,2.1872,2.9273,3.6852,4.3739,4.6771,4.7676
May,11,0.1354,0.14,2.7502,0.214,0.5295,0.9543,1.8407,2.5911,3.3875,4.095,4.4091,4.6289
Jun,11,0.2142,0.1912,2.5152,0.2068,0.4129,0.7568,1.5767,2.3451,3.2172,4.0143,4.3563,4.5918
Jul,11,0.23,0.2053,2.5008,0.2151,0.4061,0.7367,1.5467,2.3259,3.231,4.0708,4.4199,4.6212
Aug,11,0.234,0.1881,1.8187,0.148,0.2231,0.4334,1.0343,1.6696,2.4695,3.3013,3.7085,4.0144
Sep,11,0.1843,0.156,1.5609,0.138,0.2184,0.4011,0.9046,1.4357,2.1127,2.8355,3.2004,3.4774
Oct,11,0.1785,0.1619,1.7611,0.1681,0.2959,0.5206,1.082,1.6352,2.2948,2.9255,3.1897,3.3246
Nov,11,0.1869,0.164,1.5879,0.1542,0.2447,0.4322,0.9377,1.4646,2.1242,2.7866,3.0666,3.1749
Dec,11,0.1839,0.1635,1.5509,0.1564,0.2458,0.4273,0.9167,1.4301,2.0792,2.7403,3.0234,3.1295
Jan,12,0.1827,0.1597,1.5127,0.147,0.2242,0.3951,0.8734,1.3895,2.0594,2.7643,3.0736,3.1775
Feb,12,0.2388,0.2152,1.4915,0.1985,0.2613,0.4148,0.8642,1.3684,2.0498,2.8057,3.1552,3.2643
Mar,12,0.219,0.2136,1.7159,0.2306,0.3508,0.5494,1.0577,1.5896,2.2771,3.0089,3.3357,3.4379
Apr,12,0.2496,0.2308,1.5763,0.2231,0.3021,0.469,0.9373,1.4518,2.1373,2.8878,3.2306,3.3371
May,12,0.2561,0.2379,1.3516,0.2265,0.2831,0.4155,0.803,1.2432,1.851,2.5572,2.9158,3.0907
Jun,12,0.2309,0.227,1.2206,0.2354,0.3046,0.4255,0.7553,1.1278,1.6564,2.307,2.6625,2.8388
Jul,12,0.2412,0.2266,1.116,0.2159,0.2548,0.3538,0.6589,1.0236,1.5554,2.2178,2.5712,2.6969
Aug,12,0.2452,0.227,1.2639,0.214,0.2633,0.3848,0.7464,1.1613,1.7378,2.409,2.7442,2.882
Sep,12,0.2579,0.2324,1.2524,0.2067,0.2371,0.3482,0.7095,1.1432,1.7648,2.5075,2.8765,2.9735
Oct,12,0.2558,0.2371,1.2769,0.2225,0.2668,0.3838,0.744,1.1698,1.7801,2.5165,2.8898,2.9987
Nov,12,0.2522,0.2338,1.2038,0.2184,0.2574,0.3654,0.702,1.1027,1.6812,2.3896,2.7627,2.9136
Dec,12,0.2313,0.2142,1.255,0.2021,0.25,0.3688,0.7282,1.1494,1.7504,2.4757,2.85,2.9906
Jan,13,0.2089,0.1921,1.4286,0.1848,0.2546,0.4045,0.8321,1.3113,1.9653,2.7083,3.0658,3.1933
Feb,13,0.2162,0.1971,1.4905,0.1876,0.2592,0.4165,0.8661,1.368,2.0483,2.8118,3.1728,3.2973
Mar,13,0.213,0.1938,1.4596,0.183,0.2498,0.401,0.8401,1.3373,2.0215,2.8062,3.1869,3.3192
Apr,13,0.1901,0.1747,1.2752,0.1664,0.2222,0.3494,0.7264,1.1652,1.7906,2.5461,2.9366,3.0797
